p,q,distance,px,py,pz,qx,qy,qz
95723,9904277,1.6421524021,1.275855,-1.234889,-1.212085,2.256276,-0.003044,0.105060
95603,9904397,1.6425183383,1.275469,-1.235125,-1.212205,2.256374,-0.003040,0.105067
95597,9904403,1.6425366435,1.275449,-1.235137,-1.212211,2.256379,-0.003040,0.105067
95219,9904781,1.6436914888,1.274228,-1.235884,-1.212590,2.256690,-0.003029,0.105088
95177,9904823,1.6438200019,1.274091,-1.235967,-1.212631,2.256725,-0.003027,0.105091
95153,9904847,1.6438934556,1.274014,-1.236015,-1.212655,2.256744,-0.003026,0.105092
95111,9904889,1.6440220307,1.273877,-1.236098,-1.212697,2.256779,-0.003025,0.105094
94823,9905177,1.6449047542,1.272941,-1.236668,-1.212984,2.257016,-0.003016,0.105110
94583,9905417,1.6456417821,1.272158,-1.237144,-1.213223,2.257215,-0.003009,0.105124
94547,9905453,1.6457524483,1.272040,-1.237216,-1.213259,2.257244,-0.003008,0.105126
94541,9905459,1.6457708955,1.272021,-1.237227,-1.213265,2.257249,-0.003008,0.105126
94439,9905561,1.6460846226,1.271687,-1.237430,-1.213366,2.257334,-0.003004,0.105132
94343,9905657,1.6463801102,1.271373,-1.237621,-1.213461,2.257413,-0.003001,0.105137
94121,9905879,1.6470642254,1.270644,-1.238062,-1.213681,2.257598,-0.002995,0.105149
94109,9905891,1.6471012365,1.270604,-1.238086,-1.213692,2.257607,-0.002994,0.105150
94079,9905921,1.6471937785,1.270506,-1.238146,-1.213722,2.257632,-0.002993,0.105152
94007,9905993,1.6474159629,1.270269,-1.238289,-1.213793,2.257692,-0.002991,0.105156
93893,9906107,1.6477679962,1.269893,-1.238516,-1.213906,2.257787,-0.002988,0.105162
93557,9906443,1.6488072944,1.268782,-1.239186,-1.214236,2.258067,-0.002977,0.105181
93491,9906509,1.6490117459,1.268564,-1.239318,-1.214301,2.258122,-0.002975,0.105185
93407,9906593,1.6492721015,1.268285,-1.239486,-1.214384,2.258192,-0.002973,0.105189
93329,9906671,1.6495140053,1.268026,-1.239642,-1.214460,2.258257,-0.002970,0.105194
93263,9906737,1.6497188025,1.267806,-1.239774,-1.214525,2.258312,-0.002968,0.105197
93239,9906761,1.6497932991,1.267727,-1.239822,-1.214548,2.258332,-0.002967,0.105199
93083,9906917,1.6502778503,1.267207,-1.240134,-1.214701,2.258463,-0.002963,0.105207
92987,9907013,1.6505763148,1.266887,-1.240326,-1.214795,2.258543,-0.002960,0.105213
92789,9907211,1.6511925710,1.266225,-1.240723,-1.214988,2.258709,-0.002953,0.105224
92693,9907307,1.6514916889,1.265903,-1.240915,-1.215081,2.258790,-0.002951,0.105229
92567,9907433,1.6518846060,1.265480,-1.241168,-1.215204,2.258896,-0.002947,0.105236
92381,9907619,1.6524653017,1.264855,-1.241542,-1.215384,2.259052,-0.002941,0.105247
92363,9907637,1.6525215408,1.264794,-1.241578,-1.215402,2.259068,-0.002940,0.105248
92153,9907847,1.6531782234,1.264086,-1.242000,-1.215605,2.259245,-0.002934,0.105259
91967,9908033,1.6537607185,1.263457,-1.242375,-1.215785,2.259402,-0.002928,0.105270
91961,9908039,1.6537795222,1.263437,-1.242387,-1.215791,2.259407,-0.002928,0.105270
91943,9908057,1.6538359382,1.263376,-1.242423,-1.215808,2.259422,-0.002927,0.105271
91631,9908369,1.6548150279,1.262317,-1.243052,-1.216109,2.259686,-0.002918,0.105289
91529,9908471,1.6551356125,1.261970,-1.243258,-1.216207,2.259772,-0.002915,0.105294
91463,9908537,1.6553431806,1.261745,-1.243392,-1.216270,2.259828,-0.002913,0.105298
90677,9909323,1.6578230768,1.259050,-1.244983,-1.217021,2.260497,-0.002888,0.105342
90647,9909353,1.6579180212,1.258947,-1.245044,-1.217050,2.260523,-0.002887,0.105344
90599,9909401,1.6580699771,1.258781,-1.245141,-1.217095,2.260564,-0.002886,0.105347
90437,9909563,1.6585832361,1.258222,-1.245470,-1.217249,2.260703,-0.002881,0.105356
90407,9909593,1.6586783532,1.258118,-1.245531,-1.217277,2.260728,-0.002880,0.105357
90371,9909629,1.6587925223,1.257994,-1.245604,-1.217311,2.260759,-0.002879,0.105359
90281,9909719,1.6590780814,1.257682,-1.245787,-1.217397,2.260836,-0.002876,0.105364
90203,9909797,1.6593257238,1.257411,-1.245946,-1.217470,2.260903,-0.002874,0.105369
90011,9909989,1.6599359303,1.256744,-1.246337,-1.217652,2.261068,-0.002868,0.105380
89819,9910181,1.6605470282,1.256075,-1.246728,-1.217832,2.261233,-0.002862,0.105390
89681,9910319,1.6609868070,1.255594,-1.247010,-1.217962,2.261352,-0.002857,0.105398
89669,9910331,1.6610250705,1.255552,-1.247034,-1.217973,2.261362,-0.002857,0.105399
89633,9910367,1.6611398820,1.255426,-1.247107,-1.218007,2.261393,-0.002856,0.105401
89597,9910403,1.6612547250,1.255300,-1.247181,-1.218041,2.261424,-0.002855,0.105403
89591,9910409,1.6612738685,1.255279,-1.247193,-1.218046,2.261429,-0.002855,0.105403
89501,9910499,1.6615611272,1.254964,-1.247377,-1.218131,2.261507,-0.002852,0.105408
89399,9910601,1.6618869257,1.254606,-1.247585,-1.218226,2.261595,-0.002849,0.105414
89303,9910697,1.6621937916,1.254269,-1.247782,-1.218316,2.261678,-0.002846,0.105420
89273,9910727,1.6622897333,1.254164,-1.247843,-1.218344,2.261704,-0.002845,0.105421
89189,9910811,1.6625584874,1.253868,-1.248015,-1.218422,2.261776,-0.002842,0.105426
88937,9911063,1.6633657874,1.252980,-1.248531,-1.218657,2.261994,-0.002834,0.105440
88919,9911081,1.6634235113,1.252916,-1.248568,-1.218673,2.262010,-0.002834,0.105441
88853,9911147,1.6636352340,1.252683,-1.248703,-1.218734,2.262067,-0.002832,0.105445
88799,9911201,1.6638085414,1.252492,-1.248814,-1.218785,2.262114,-0.002830,0.105448
88667,9911333,1.6642324842,1.252024,-1.249085,-1.218907,2.262229,-0.002826,0.105456
88661,9911339,1.6642517646,1.252003,-1.249097,-1.218912,2.262234,-0.002826,0.105456
88547,9911453,1.6646182601,1.251598,-1.249331,-1.219018,2.262333,-0.002822,0.105462
88211,9911789,1.6657003293,1.250402,-1.250022,-1.219327,2.262625,-0.002812,0.105481
88169,9911831,1.6658357850,1.250252,-1.250108,-1.219366,2.262662,-0.002811,0.105484
88037,9911963,1.6662617887,1.249780,-1.250380,-1.219487,2.262777,-0.002807,0.105491
87743,9912257,1.6672121777,1.248726,-1.250986,-1.219756,2.263034,-0.002797,0.105508
87509,9912491,1.6679701564,1.247884,-1.251469,-1.219969,2.263239,-0.002790,0.105521
87443,9912557,1.6681841938,1.247646,-1.251605,-1.220029,2.263297,-0.002788,0.105525
87281,9912719,1.6687100234,1.247061,-1.251940,-1.220176,2.263439,-0.002783,0.105534
87221,9912779,1.6689049430,1.246844,-1.252064,-1.220231,2.263492,-0.002781,0.105538
87107,9912893,1.6692755407,1.246431,-1.252300,-1.220334,2.263592,-0.002778,0.105544
86861,9913139,1.6700763723,1.245538,-1.252810,-1.220556,2.263809,-0.002770,0.105558
86813,9913187,1.6702328111,1.245363,-1.252910,-1.220599,2.263852,-0.002769,0.105561
86783,9913217,1.6703306151,1.245254,-1.252972,-1.220626,2.263878,-0.002768,0.105563
86711,9913289,1.6705654380,1.244991,-1.253121,-1.220691,2.263942,-0.002766,0.105567
86561,9913439,1.6710550763,1.244444,-1.253433,-1.220825,2.264074,-0.002761,0.105575
86531,9913469,1.6711530728,1.244334,-1.253495,-1.220852,2.264101,-0.002760,0.105577
86477,9913523,1.6713295244,1.244137,-1.253607,-1.220900,2.264148,-0.002758,0.105580
86441,9913559,1.6714472001,1.244005,-1.253682,-1.220933,2.264180,-0.002757,0.105582
86357,9913643,1.6717219058,1.243697,-1.253857,-1.221008,2.264255,-0.002755,0.105587
86111,9913889,1.6725274405,1.242794,-1.254369,-1.221227,2.264473,-0.002747,0.105601
86069,9913931,1.6726651260,1.242639,-1.254456,-1.221264,2.264510,-0.002746,0.105603
86027,9913973,1.6728028569,1.242485,-1.254543,-1.221302,2.264547,-0.002744,0.105606
85847,9914153,1.6733936464,1.241821,-1.254919,-1.221461,2.264707,-0.002739,0.105616
85829,9914171,1.6734527713,1.241755,-1.254956,-1.221477,2.264723,-0.002738,0.105617
85703,9914297,1.6738668798,1.241289,-1.255219,-1.221589,2.264836,-0.002734,0.105624
85691,9914309,1.6739063401,1.241244,-1.255244,-1.221599,2.264846,-0.002734,0.105625
85523,9914477,1.6744591756,1.240622,-1.255595,-1.221747,2.264996,-0.002729,0.105634
85331,9914669,1.6750918839,1.239908,-1.255996,-1.221916,2.265168,-0.002723,0.105645
85313,9914687,1.6751512494,1.239842,-1.256034,-1.221932,2.265184,-0.002722,0.105646
85061,9914939,1.6759832529,1.238902,-1.256561,-1.222152,2.265409,-0.002714,0.105661
85049,9914951,1.6760229134,1.238857,-1.256587,-1.222163,2.265420,-0.002714,0.105662
85037,9914963,1.6760625777,1.238812,-1.256612,-1.222173,2.265431,-0.002714,0.105662
84827,9915173,1.6767573126,1.238026,-1.257052,-1.222356,2.265619,-0.002707,0.105674
84719,9915281,1.6771150549,1.237621,-1.257279,-1.222450,2.265716,-0.002704,0.105680
84701,9915299,1.6771747083,1.237554,-1.257316,-1.222466,2.265732,-0.002703,0.105682
84659,9915341,1.6773139329,1.237396,-1.257404,-1.222502,2.265770,-0.002702,0.105684
84533,9915467,1.6777318849,1.236922,-1.257669,-1.222611,2.265883,-0.002698,0.105691
84509,9915491,1.6778115422,1.236832,-1.257720,-1.222632,2.265905,-0.002697,0.105693
84503,9915497,1.6778314589,1.236809,-1.257732,-1.222637,2.265910,-0.002697,0.105693
84467,9915533,1.6779509789,1.236673,-1.257808,-1.222668,2.265943,-0.002696,0.105695
84377,9915623,1.6782499287,1.236334,-1.257997,-1.222746,2.266024,-0.002693,0.105700
84317,9915683,1.6784493474,1.236108,-1.258123,-1.222797,2.266078,-0.002691,0.105704
84179,9915821,1.6789083716,1.235586,-1.258414,-1.222916,2.266202,-0.002687,0.105711
84089,9915911,1.6792080070,1.235245,-1.258603,-1.222993,2.266284,-0.002684,0.105717
83969,9916031,1.6796078550,1.234790,-1.258856,-1.223096,2.266392,-0.002681,0.105724
83939,9916061,1.6797078768,1.234676,-1.258919,-1.223122,2.266419,-0.002680,0.105725
83663,9916337,1.6806292018,1.233625,-1.259501,-1.223357,2.266669,-0.002671,0.105741
83609,9916391,1.6808096987,1.233419,-1.259616,-1.223403,2.266718,-0.002669,0.105744
83591,9916409,1.6808698817,1.233351,-1.259654,-1.223418,2.266735,-0.002669,0.105745
83477,9916523,1.6812512418,1.232915,-1.259894,-1.223515,2.266838,-0.002665,0.105752
83417,9916583,1.6814520974,1.232686,-1.260021,-1.223566,2.266893,-0.002663,0.105755
82913,9917087,1.6831431051,1.230749,-1.261088,-1.223990,2.267352,-0.002648,0.105784
82847,9917153,1.6833650540,1.230494,-1.261228,-1.224045,2.267412,-0.002646,0.105788
82793,9917207,1.6835467361,1.230286,-1.261343,-1.224090,2.267461,-0.002644,0.105791
82721,9917279,1.6837891019,1.230007,-1.261496,-1.224150,2.267527,-0.002642,0.105795
82619,9917381,1.6841326940,1.229613,-1.261712,-1.224235,2.267620,-0.002639,0.105801
82613,9917387,1.6841529141,1.229589,-1.261725,-1.224240,2.267626,-0.002639,0.105802
82601,9917399,1.6841933573,1.229543,-1.261750,-1.224250,2.267637,-0.002638,0.105802
82571,9917429,1.6842944822,1.229427,-1.261814,-1.224275,2.267664,-0.002637,0.105804
82529,9917471,1.6844360982,1.229264,-1.261903,-1.224310,2.267703,-0.002636,0.105806
82487,9917513,1.6845777623,1.229101,-1.261993,-1.224345,2.267741,-0.002635,0.105809
82373,9917627,1.6849625211,1.228658,-1.262235,-1.224439,2.267846,-0.002631,0.105816
82241,9917759,1.6854084740,1.228144,-1.262516,-1.224548,2.267967,-0.002627,0.105823
82031,9917969,1.6861189265,1.227324,-1.262963,-1.224721,2.268160,-0.002620,0.105835
81869,9918131,1.6866678159,1.226690,-1.263309,-1.224854,2.268309,-0.002615,0.105845
81647,9918353,1.6874211700,1.225819,-1.263782,-1.225035,2.268514,-0.002609,0.105858
81359,9918641,1.6884005216,1.224684,-1.264398,-1.225269,2.268780,-0.002600,0.105874
81353,9918647,1.6884209491,1.224661,-1.264411,-1.225274,2.268786,-0.002599,0.105875
81293,9918707,1.6886252798,1.224423,-1.264539,-1.225322,2.268841,-0.002598,0.105878
81083,9918917,1.6893412245,1.223592,-1.264989,-1.225491,2.269036,-0.002591,0.105890
81041,9918959,1.6894845607,1.223425,-1.265079,-1.225525,2.269075,-0.002590,0.105893
81017,9918983,1.6895664891,1.223330,-1.265130,-1.225544,2.269097,-0.002589,0.105894
80963,9919037,1.6897508869,1.223116,-1.265246,-1.225588,2.269147,-0.002587,0.105897
80933,9919067,1.6898533652,1.222996,-1.265310,-1.225612,2.269175,-0.002586,0.105899
80777,9919223,1.6903866580,1.222376,-1.265645,-1.225736,2.269320,-0.002582,0.105908
80627,9919373,1.6909000818,1.221777,-1.265967,-1.225856,2.269460,-0.002577,0.105917
80621,9919379,1.6909206319,1.221753,-1.265980,-1.225860,2.269465,-0.002577,0.105917
80513,9919487,1.6912907061,1.221321,-1.266212,-1.225946,2.269566,-0.002573,0.105923
80273,9919727,1.6921142679,1.220359,-1.266728,-1.226136,2.269790,-0.002566,0.105937
80147,9919853,1.6925472881,1.219853,-1.266999,-1.226235,2.269908,-0.002562,0.105945
80021,9919979,1.6929807574,1.219345,-1.267271,-1.226333,2.270026,-0.002558,0.105952
79979,9920021,1.6931253471,1.219176,-1.267361,-1.226366,2.270065,-0.002557,0.105954
79889,9920111,1.6934353506,1.218813,-1.267555,-1.226436,2.270150,-0.002554,0.105960
79841,9920159,1.6936007799,1.218619,-1.267659,-1.226474,2.270195,-0.002553,0.105962
79823,9920177,1.6936628327,1.218546,-1.267698,-1.226488,2.270212,-0.002552,0.105964
79697,9920303,1.6940974608,1.218036,-1.267970,-1.226586,2.270330,-0.002548,0.105971
79613,9920387,1.6943874641,1.217695,-1.268151,-1.226651,2.270409,-0.002545,0.105976
79601,9920399,1.6944289096,1.217647,-1.268177,-1.226660,2.270420,-0.002545,0.105976
79589,9920411,1.6944703591,1.217598,-1.268203,-1.226669,2.270432,-0.002545,0.105977
79493,9920507,1.6948021038,1.217208,-1.268410,-1.226744,2.270522,-0.002542,0.105983
79379,9920621,1.6951963927,1.216744,-1.268657,-1.226831,2.270629,-0.002538,0.105989
79139,9920861,1.6960276923,1.215765,-1.269176,-1.227015,2.270856,-0.002531,0.106003
79043,9920957,1.6963606756,1.215372,-1.269384,-1.227089,2.270946,-0.002528,0.106009
78989,9921011,1.6965480953,1.215151,-1.269501,-1.227130,2.270997,-0.002526,0.106012
78593,9921407,1.6979250797,1.213523,-1.270361,-1.227429,2.271373,-0.002514,0.106035
78509,9921491,1.6982177513,1.213177,-1.270543,-1.227492,2.271452,-0.002511,0.106040
78479,9921521,1.6983223265,1.213053,-1.270608,-1.227515,2.271481,-0.002510,0.106042
78401,9921599,1.6985943446,1.212731,-1.270778,-1.227573,2.271555,-0.002508,0.106047
78203,9921797,1.6992856481,1.211910,-1.271209,-1.227721,2.271743,-0.002502,0.106058
78173,9921827,1.6993904908,1.211786,-1.271274,-1.227743,2.271772,-0.002501,0.106060
78017,9921983,1.6999360974,1.211138,-1.271614,-1.227859,2.271921,-0.002496,0.106069
77999,9922001,1.6999990978,1.211063,-1.271653,-1.227872,2.271938,-0.002495,0.106070
77951,9922049,1.7001671454,1.210863,-1.271758,-1.227907,2.271984,-0.002494,0.106073
77849,9922151,1.7005244710,1.210438,-1.271980,-1.227983,2.272081,-0.002491,0.106079
77723,9922277,1.7009662953,1.209911,-1.272255,-1.228075,2.272202,-0.002487,0.106086
77543,9922457,1.7015982840,1.209158,-1.272649,-1.228206,2.272374,-0.002481,0.106097
77513,9922487,1.7017037084,1.209032,-1.272714,-1.228228,2.272403,-0.002480,0.106099
77471,9922529,1.7018513473,1.208856,-1.272806,-1.228259,2.272443,-0.002479,0.106101
77279,9922721,1.7025269324,1.208049,-1.273226,-1.228398,2.272627,-0.002473,0.106112
77261,9922739,1.7025903245,1.207973,-1.273265,-1.228411,2.272645,-0.002472,0.106114
77237,9922763,1.7026748623,1.207872,-1.273318,-1.228428,2.272668,-0.002472,0.106115
77093,9922907,1.7031824482,1.207264,-1.273633,-1.228532,2.272806,-0.002467,0.106123
76991,9923009,1.7035423615,1.206833,-1.273857,-1.228605,2.272904,-0.002464,0.106129
76943,9923057,1.7037118397,1.206630,-1.273962,-1.228639,2.272951,-0.002462,0.106132
76871,9923129,1.7039661859,1.206325,-1.274120,-1.228691,2.273020,-0.002460,0.106137
76829,9923171,1.7041146261,1.206147,-1.274212,-1.228721,2.273061,-0.002459,0.106139
76781,9923219,1.7042843365,1.205943,-1.274317,-1.228755,2.273107,-0.002457,0.106142
76631,9923369,1.7048151260,1.205306,-1.274647,-1.228861,2.273252,-0.002453,0.106151
76421,9923579,1.7055593653,1.204411,-1.275108,-1.229009,2.273455,-0.002446,0.106163
76379,9923621,1.7057083723,1.204232,-1.275201,-1.229038,2.273496,-0.002445,0.106166
76253,9923747,1.7061557121,1.203693,-1.275478,-1.229126,2.273618,-0.002441,0.106173
76103,9923897,1.7066888844,1.203050,-1.275808,-1.229231,2.273763,-0.002436,0.106182
75821,9924179,1.7076930927,1.201837,-1.276430,-1.229425,2.274038,-0.002428,0.106198
75653,9924347,1.7082924930,1.201112,-1.276801,-1.229540,2.274201,-0.002422,0.106208
75479,9924521,1.7089142077,1.200359,-1.277185,-1.229659,2.274371,-0.002417,0.106219
75377,9924623,1.7092790914,1.199916,-1.277411,-1.229728,2.274471,-0.002414,0.106225
75353,9924647,1.7093649927,1.199812,-1.277464,-1.229744,2.274495,-0.002413,0.106226
75347,9924653,1.7093864708,1.199786,-1.277477,-1.229748,2.274500,-0.002413,0.106227
75329,9924671,1.7094509117,1.199708,-1.277517,-1.229760,2.274518,-0.002412,0.106228
75149,9924851,1.7100958672,1.198924,-1.277915,-1.229881,2.274694,-0.002407,0.106238
74891,9925109,1.7110220419,1.197797,-1.278487,-1.230053,2.274947,-0.002399,0.106254
74729,9925271,1.7116046437,1.197087,-1.278846,-1.230160,2.275107,-0.002394,0.106263
74717,9925283,1.7116478317,1.197034,-1.278873,-1.230168,2.275119,-0.002393,0.106264
74561,9925439,1.7122096821,1.196349,-1.279219,-1.230270,2.275272,-0.002388,0.106273
74411,9925589,1.7127506358,1.195688,-1.279553,-1.230368,2.275420,-0.002384,0.106282
74297,9925703,1.7131622292,1.195184,-1.279806,-1.230442,2.275533,-0.002380,0.106289
74219,9925781,1.7134440794,1.194839,-1.279980,-1.230492,2.275610,-0.002378,0.106294
74177,9925823,1.7135959236,1.194653,-1.280073,-1.230519,2.275651,-0.002376,0.106296
74093,9925907,1.7138997775,1.194281,-1.280261,-1.230573,2.275734,-0.002374,0.106301
74027,9925973,1.7141386749,1.193988,-1.280408,-1.230616,2.275800,-0.002372,0.106305
73943,9926057,1.7144429236,1.193615,-1.280595,-1.230669,2.275883,-0.002369,0.106310
73877,9926123,1.7146821316,1.193321,-1.280742,-1.230711,2.275948,-0.002367,0.106314
73757,9926243,1.7151174062,1.192786,-1.281010,-1.230787,2.276068,-0.002363,0.106321
73607,9926393,1.7156621373,1.192116,-1.281344,-1.230882,2.276217,-0.002359,0.106330
73379,9926621,1.7164914901,1.191095,-1.281854,-1.231024,2.276444,-0.002352,0.106344
73331,9926669,1.7166663005,1.190879,-1.281961,-1.231054,2.276492,-0.002350,0.106346
73091,9926909,1.7175414503,1.189799,-1.282498,-1.231202,2.276731,-0.002343,0.106361
72959,9927041,1.7180235646,1.189203,-1.282794,-1.231283,2.276863,-0.002338,0.106369
72869,9927131,1.7183525978,1.188796,-1.282996,-1.231337,2.276953,-0.002336,0.106374
72701,9927299,1.7189674867,1.188034,-1.283373,-1.231439,2.277122,-0.002330,0.106384
72617,9927383,1.7192752706,1.187652,-1.283561,-1.231489,2.277206,-0.002328,0.106389
72503,9927497,1.7196933399,1.187133,-1.283817,-1.231557,2.277320,-0.002324,0.106396
72353,9927647,1.7202440686,1.186449,-1.284155,-1.231646,2.277471,-0.002320,0.106405
72167,9927833,1.7209279810,1.185598,-1.284573,-1.231756,2.277659,-0.002314,0.106416
71993,9928007,1.7215687842,1.184799,-1.284965,-1.231857,2.277834,-0.002308,0.106427
71867,9928133,1.7220334278,1.184220,-1.285249,-1.231930,2.277962,-0.002304,0.106434
71849,9928151,1.7220998476,1.184137,-1.285289,-1.231940,2.277980,-0.002304,0.106435
71663,9928337,1.7227868041,1.183279,-1.285709,-1.232047,2.278168,-0.002298,0.106446
71633,9928367,1.7228977093,1.183140,-1.285777,-1.232064,2.278199,-0.002297,0.106448
71597,9928403,1.7230308343,1.182973,-1.285858,-1.232084,2.278235,-0.002296,0.106450
71453,9928547,1.7235637587,1.182306,-1.286183,-1.232166,2.278381,-0.002292,0.106459
71387,9928613,1.7238082428,1.182000,-1.286332,-1.232203,2.278448,-0.002289,0.106463
71339,9928661,1.7239861392,1.181777,-1.286441,-1.232230,2.278497,-0.002288,0.106466
71261,9928739,1.7242753824,1.181414,-1.286617,-1.232273,2.278576,-0.002286,0.106470
70991,9929009,1.7252781563,1.180155,-1.287228,-1.232423,2.278852,-0.002277,0.106487
70901,9929099,1.7256129492,1.179733,-1.287432,-1.232472,2.278943,-0.002274,0.106492
70841,9929159,1.7258362935,1.179452,-1.287568,-1.232505,2.279005,-0.002272,0.106496
70823,9929177,1.7259033200,1.179368,-1.287609,-1.232515,2.279023,-0.002272,0.106497
70709,9929291,1.7263280710,1.178833,-1.287868,-1.232576,2.279140,-0.002268,0.106504
70583,9929417,1.7267980350,1.178240,-1.288154,-1.232644,2.279269,-0.002264,0.106511
70571,9929429,1.7268428210,1.178184,-1.288181,-1.232650,2.279281,-0.002264,0.106512
70373,9929627,1.7275824836,1.177249,-1.288631,-1.232756,2.279484,-0.002258,0.106524
70271,9929729,1.7279640330,1.176767,-1.288862,-1.232809,2.279589,-0.002255,0.106530
70229,9929771,1.7281212428,1.176568,-1.288958,-1.232831,2.279632,-0.002253,0.106533
70121,9929879,1.7285257680,1.176056,-1.289204,-1.232888,2.279743,-0.002250,0.106539
70061,9929939,1.7287506733,1.175771,-1.289340,-1.232919,2.279805,-0.002248,0.106543
70019,9929981,1.7289081791,1.175571,-1.289436,-1.232941,2.279848,-0.002247,0.106545
70001,9929999,1.7289756997,1.175485,-1.289477,-1.232950,2.279866,-0.002246,0.106547
69857,9930143,1.7295162573,1.174799,-1.289805,-1.233024,2.280015,-0.002242,0.106555
69809,9930191,1.7296965985,1.174570,-1.289914,-1.233048,2.280064,-0.002240,0.106558
69767,9930233,1.7298544609,1.174370,-1.290010,-1.233070,2.280108,-0.002239,0.106561
69557,9930443,1.7306446675,1.173365,-1.290489,-1.233176,2.280325,-0.002232,0.106573
69539,9930461,1.7307124690,1.173279,-1.290530,-1.233185,2.280343,-0.002232,0.106574
69473,9930527,1.7309611685,1.172962,-1.290681,-1.233217,2.280412,-0.002230,0.106578
69389,9930611,1.7312779091,1.172558,-1.290873,-1.233259,2.280499,-0.002227,0.106584
69371,9930629,1.7313458133,1.172472,-1.290914,-1.233268,2.280517,-0.002227,0.106585
69203,9930797,1.7319801180,1.171662,-1.291298,-1.233351,2.280692,-0.002221,0.106595
68993,9931007,1.7327743535,1.170647,-1.291778,-1.233452,2.280910,-0.002215,0.106608
68963,9931037,1.7328879389,1.170502,-1.291847,-1.233467,2.280941,-0.002214,0.106609
68891,9931109,1.7331606697,1.170153,-1.292012,-1.233501,2.281016,-0.002212,0.106614
68879,9931121,1.7332061421,1.170095,-1.292039,-1.233507,2.281028,-0.002211,0.106615
68777,9931223,1.7335928574,1.169599,-1.292273,-1.233555,2.281135,-0.002208,0.106621
68699,9931301,1.7338888222,1.169220,-1.292452,-1.233592,2.281216,-0.002206,0.106625
68633,9931367,1.7341394176,1.168898,-1.292603,-1.233623,2.281285,-0.002204,0.106629
68501,9931499,1.7346410590,1.168254,-1.292906,-1.233684,2.281423,-0.002199,0.106637
68483,9931517,1.7347095113,1.168166,-1.292947,-1.233693,2.281442,-0.002199,0.106639
68213,9931787,1.7357376413,1.166843,-1.293567,-1.233816,2.281724,-0.002190,0.106655
68207,9931793,1.7357605174,1.166814,-1.293581,-1.233819,2.281731,-0.002190,0.106655
68147,9931853,1.7359893467,1.166519,-1.293719,-1.233846,2.281794,-0.002188,0.106659
68087,9931913,1.7362183012,1.166224,-1.293857,-1.233873,2.281857,-0.002187,0.106663
67829,9932171,1.7372042355,1.164951,-1.294451,-1.233987,2.282128,-0.002178,0.106678
67601,9932399,1.7380774638,1.163821,-1.294976,-1.234086,2.282368,-0.002171,0.106692
67589,9932411,1.7381234737,1.163762,-1.295004,-1.234091,2.282381,-0.002171,0.106693
67577,9932423,1.7381694887,1.163702,-1.295031,-1.234096,2.282393,-0.002171,0.106694
67523,9932477,1.7383766186,1.163434,-1.295156,-1.234119,2.282450,-0.002169,0.106697
67499,9932501,1.7384687092,1.163315,-1.295211,-1.234129,2.282476,-0.002168,0.106699
67433,9932567,1.7387220631,1.162986,-1.295364,-1.234157,2.282546,-0.002166,0.106703
67421,9932579,1.7387681439,1.162926,-1.295391,-1.234162,2.282558,-0.002166,0.106703
67391,9932609,1.7388833681,1.162777,-1.295461,-1.234175,2.282590,-0.002165,0.106705
67271,9932729,1.7393445826,1.162178,-1.295738,-1.234225,2.282717,-0.002161,0.106713
67247,9932753,1.7394368865,1.162058,-1.295793,-1.234235,2.282742,-0.002160,0.106714
67211,9932789,1.7395753805,1.161878,-1.295876,-1.234250,2.282780,-0.002159,0.106716
67139,9932861,1.7398525062,1.161518,-1.296043,-1.234280,2.282857,-0.002157,0.106721
66959,9933041,1.7405461241,1.160615,-1.296459,-1.234353,2.283048,-0.002151,0.106732
66851,9933149,1.7409628472,1.160072,-1.296709,-1.234397,2.283162,-0.002148,0.106738
66749,9933251,1.7413568003,1.159558,-1.296945,-1.234437,2.283271,-0.002145,0.106744
66683,9933317,1.7416119088,1.159225,-1.297098,-1.234463,2.283341,-0.002143,0.106749
66569,9933431,1.7420529174,1.158649,-1.297362,-1.234508,2.283463,-0.002139,0.106756
66533,9933467,1.7421922798,1.158467,-1.297445,-1.234522,2.283501,-0.002138,0.106758
66491,9933509,1.7423549280,1.158254,-1.297543,-1.234538,2.283546,-0.002137,0.106760
66449,9933551,1.7425176394,1.158041,-1.297640,-1.234554,2.283591,-0.002135,0.106763
66383,9933617,1.7427734566,1.157706,-1.297793,-1.234579,2.283661,-0.002133,0.106767
66239,9933761,1.7433321463,1.156974,-1.298127,-1.234634,2.283815,-0.002129,0.106776
66029,9933971,1.7441482410,1.155903,-1.298615,-1.234711,2.284040,-0.002122,0.106789
65951,9934049,1.7444517674,1.155504,-1.298796,-1.234740,2.284124,-0.002120,0.106793
65927,9934073,1.7445452045,1.155382,-1.298852,-1.234748,2.284149,-0.002119,0.106795
65921,9934079,1.7445685670,1.155351,-1.298866,-1.234751,2.284156,-0.002119,0.106795
65837,9934163,1.7448957793,1.154920,-1.299062,-1.234781,2.284246,-0.002116,0.106800
65729,9934271,1.7453168568,1.154366,-1.299313,-1.234819,2.284362,-0.002113,0.106807
65519,9934481,1.7461368329,1.153285,-1.299802,-1.234892,2.284588,-0.002106,0.106820
65447,9934553,1.7464183376,1.152913,-1.299970,-1.234917,2.284666,-0.002104,0.106824
65423,9934577,1.7465122145,1.152789,-1.300026,-1.234925,2.284691,-0.002103,0.106826
65381,9934619,1.7466765499,1.152572,-1.300123,-1.234940,2.284737,-0.002102,0.106829
65123,9934877,1.7476874558,1.151234,-1.300725,-1.235025,2.285016,-0.002094,0.106844
65111,9934889,1.7477345341,1.151172,-1.300753,-1.235029,2.285029,-0.002094,0.106845
65099,9934901,1.7477816177,1.151110,-1.300781,-1.235033,2.285042,-0.002093,0.106846
64937,9935063,1.7484177651,1.150266,-1.301160,-1.235085,2.285217,-0.002088,0.106856
64901,9935099,1.7485592625,1.150078,-1.301244,-1.235097,2.285256,-0.002087,0.106858
64709,9935291,1.7493147238,1.149075,-1.301693,-1.235157,2.285464,-0.002081,0.106870
64601,9935399,1.7497402704,1.148508,-1.301946,-1.235190,2.285582,-0.002078,0.106877
64433,9935567,1.7504030922,1.147625,-1.302339,-1.235240,2.285765,-0.002072,0.106887
64271,9935729,1.7510432366,1.146771,-1.302719,-1.235288,2.285941,-0.002067,0.106897
64187,9935813,1.7513755489,1.146327,-1.302916,-1.235312,2.286033,-0.002065,0.106902
64013,9935987,1.7520647498,1.145405,-1.303324,-1.235361,2.286223,-0.002059,0.106913
63929,9936071,1.7523978737,1.144959,-1.303521,-1.235384,2.286315,-0.002057,0.106918
63809,9936191,1.7528742249,1.144321,-1.303803,-1.235416,2.286447,-0.002053,0.106926
63803,9936197,1.7528980567,1.144289,-1.303817,-1.235418,2.286454,-0.002053,0.106926
63743,9936257,1.7531364491,1.143969,-1.303958,-1.235434,2.286519,-0.002051,0.106930
63737,9936263,1.7531602958,1.143937,-1.303972,-1.235435,2.286526,-0.002051,0.106930
63629,9936371,1.7535897687,1.143360,-1.304226,-1.235464,2.286645,-0.002047,0.106937
63533,9936467,1.7539718924,1.142846,-1.304452,-1.235488,2.286750,-0.002044,0.106943
63467,9936533,1.7542348047,1.142493,-1.304607,-1.235505,2.286823,-0.002042,0.106947
63443,9936557,1.7543304501,1.142364,-1.304663,-1.235511,2.286849,-0.002041,0.106948
63419,9936581,1.7544261173,1.142235,-1.304720,-1.235517,2.286876,-0.002041,0.106950
63389,9936611,1.7545457320,1.142074,-1.304791,-1.235524,2.286909,-0.002040,0.106952
63197,9936803,1.7553120760,1.141041,-1.305243,-1.235571,2.287120,-0.002034,0.106964
63131,9936869,1.7555758307,1.140685,-1.305398,-1.235586,2.287193,-0.002032,0.106968
62987,9937013,1.7561518725,1.139907,-1.305738,-1.235620,2.287352,-0.002027,0.106977
62927,9937073,1.7563921237,1.139582,-1.305879,-1.235633,2.287419,-0.002025,0.106981
62921,9937079,1.7564161565,1.139549,-1.305893,-1.235635,2.287425,-0.002025,0.106981
62801,9937199,1.7568971001,1.138898,-1.306177,-1.235661,2.287558,-0.002021,0.106988
62591,9937409,1.7577400818,1.137756,-1.306673,-1.235706,2.287791,-0.002015,0.107002
62507,9937493,1.7580777497,1.137297,-1.306871,-1.235723,2.287885,-0.002012,0.107007
62351,9937649,1.7587055699,1.136444,-1.307240,-1.235754,2.288058,-0.002007,0.107017
62003,9937997,1.7601094892,1.134530,-1.308064,-1.235819,2.288447,-0.001996,0.107038
61979,9938021,1.7602064847,1.134398,-1.308121,-1.235824,2.288473,-0.001996,0.107040
61949,9938051,1.7603277607,1.134232,-1.308192,-1.235829,2.288507,-0.001995,0.107042
61751,9938249,1.7611290631,1.133137,-1.308661,-1.235863,2.288729,-0.001988,0.107054
61703,9938297,1.7613235490,1.132871,-1.308775,-1.235871,2.288782,-0.001987,0.107057
61583,9938417,1.7618101589,1.132204,-1.309060,-1.235890,2.288917,-0.001983,0.107065
61469,9938531,1.7622729619,1.131569,-1.309331,-1.235907,2.289045,-0.001980,0.107072
61403,9938597,1.7625411342,1.131201,-1.309487,-1.235917,2.289119,-0.001977,0.107076
61151,9938849,1.7635666446,1.129791,-1.310086,-1.235952,2.289403,-0.001970,0.107092
61007,9938993,1.7641537784,1.128982,-1.310429,-1.235970,2.289566,-0.001965,0.107101
60953,9939047,1.7643741656,1.128678,-1.310558,-1.235977,2.289627,-0.001963,0.107104
60869,9939131,1.7647172204,1.128205,-1.310758,-1.235987,2.289722,-0.001961,0.107109
60737,9939263,1.7652568741,1.127459,-1.311072,-1.236002,2.289871,-0.001957,0.107118
60659,9939341,1.7655760869,1.127017,-1.311258,-1.236010,2.289960,-0.001954,0.107123
60647,9939353,1.7656252182,1.126949,-1.311287,-1.236012,2.289973,-0.001954,0.107123
60509,9939491,1.7661906413,1.126166,-1.311616,-1.236026,2.290130,-0.001949,0.107132
60443,9939557,1.7664613307,1.125791,-1.311773,-1.236032,2.290205,-0.001947,0.107136
60383,9939617,1.7667075636,1.125450,-1.311916,-1.236037,2.290273,-0.001945,0.107140
60353,9939647,1.7668307342,1.125279,-1.311988,-1.236040,2.290307,-0.001945,0.107142
60293,9939707,1.7670771840,1.124937,-1.312131,-1.236045,2.290375,-0.001943,0.107146
60167,9939833,1.7675952003,1.124217,-1.312432,-1.236055,2.290519,-0.001939,0.107154
60107,9939893,1.7678420996,1.123873,-1.312575,-1.236060,2.290587,-0.001937,0.107157
60089,9939911,1.7679161977,1.123770,-1.312618,-1.236061,2.290608,-0.001936,0.107158
60041,9939959,1.7681138567,1.123495,-1.312733,-1.236065,2.290663,-0.001935,0.107161
60029,9939971,1.7681632861,1.123426,-1.312762,-1.236066,2.290676,-0.001934,0.107162
59999,9940001,1.7682868848,1.123254,-1.312833,-1.236068,2.290711,-0.001933,0.107164
59957,9940043,1.7684599842,1.123013,-1.312934,-1.236070,2.290759,-0.001932,0.107167
59753,9940247,1.7693017698,1.121838,-1.313422,-1.236083,2.290992,-0.001926,0.107180
59669,9940331,1.7696488787,1.121353,-1.313623,-1.236087,2.291088,-0.001923,0.107185
59651,9940349,1.7697232965,1.121249,-1.313666,-1.236088,2.291109,-0.001923,0.107186
59567,9940433,1.7700707543,1.120763,-1.313867,-1.236091,2.291205,-0.001920,0.107191
59393,9940607,1.7707914045,1.119754,-1.314284,-1.236098,2.291405,-0.001914,0.107202
59387,9940613,1.7708162766,1.119719,-1.314298,-1.236098,2.291412,-0.001914,0.107203
59357,9940643,1.7709406591,1.119545,-1.314370,-1.236099,2.291446,-0.001913,0.107205
59243,9940757,1.7714136491,1.118881,-1.314643,-1.236102,2.291577,-0.001910,0.107212
59207,9940793,1.7715631251,1.118671,-1.314730,-1.236103,2.291619,-0.001909,0.107214
59159,9940841,1.7717625093,1.118391,-1.314845,-1.236104,2.291674,-0.001907,0.107217
59141,9940859,1.7718373028,1.118286,-1.314888,-1.236104,2.291695,-0.001907,0.107218
59123,9940877,1.7719121096,1.118181,-1.314931,-1.236104,2.291716,-0.001906,0.107220
59093,9940907,1.7720368172,1.118005,-1.315003,-1.236105,2.291750,-0.001905,0.107221
58997,9941003,1.7724361308,1.117444,-1.315234,-1.236106,2.291861,-0.001902,0.107228
58727,9941273,1.7735612402,1.115858,-1.315882,-1.236106,2.292173,-0.001894,0.107245
58427,9941573,1.7748149071,1.114085,-1.316603,-1.236100,2.292521,-0.001884,0.107264
58391,9941609,1.7749655988,1.113872,-1.316690,-1.236099,2.292563,-0.001883,0.107266
58379,9941621,1.7750158414,1.113800,-1.316719,-1.236099,2.292577,-0.001883,0.107267
58109,9941891,1.7761478917,1.112194,-1.317369,-1.236088,2.292891,-0.001874,0.107284
58073,9941927,1.7762990625,1.111979,-1.317456,-1.236087,2.292933,-0.001873,0.107286
58049,9941951,1.7763998732,1.111836,-1.317514,-1.236085,2.292961,-0.001872,0.107288
58031,9941969,1.7764754971,1.111728,-1.317557,-1.236084,2.292982,-0.001872,0.107289
57923,9942077,1.7769295268,1.111082,-1.317817,-1.236078,2.293108,-0.001868,0.107296
57731,9942269,1.7777379039,1.109930,-1.318280,-1.236066,2.293332,-0.001862,0.107308
57689,9942311,1.7779149439,1.109677,-1.318382,-1.236062,2.293382,-0.001861,0.107311
57653,9942347,1.7780667518,1.109461,-1.318469,-1.236060,2.293424,-0.001860,0.107313
57593,9942407,1.7783198869,1.109099,-1.318613,-1.236055,2.293494,-0.001858,0.107317
57527,9942473,1.7785985118,1.108701,-1.318773,-1.236049,2.293571,-0.001856,0.107321
57503,9942497,1.7786998757,1.108556,-1.318831,-1.236047,2.293600,-0.001855,0.107323
57467,9942533,1.7788519675,1.108338,-1.318918,-1.236044,2.293642,-0.001854,0.107325
57413,9942587,1.7790802084,1.108012,-1.319048,-1.236039,2.293705,-0.001852,0.107328
57383,9942617,1.7792070624,1.107830,-1.319120,-1.236036,2.293740,-0.001851,0.107330
57269,9942731,1.7796894573,1.107139,-1.319396,-1.236025,2.293874,-0.001848,0.107337
57251,9942749,1.7797656756,1.107029,-1.319439,-1.236023,2.293896,-0.001847,0.107339
57203,9942797,1.7799689918,1.106738,-1.319555,-1.236018,2.293952,-0.001846,0.107342
57107,9942893,1.7803759195,1.106153,-1.319788,-1.236007,2.294065,-0.001843,0.107348
57059,9942941,1.7805795311,1.105861,-1.319904,-1.236002,2.294122,-0.001841,0.107351
56909,9943091,1.7812164537,1.104945,-1.320267,-1.235983,2.294299,-0.001836,0.107360
56873,9943127,1.7813694588,1.104724,-1.320354,-1.235979,2.294341,-0.001835,0.107363
56813,9943187,1.7816245911,1.104357,-1.320499,-1.235971,2.294412,-0.001833,0.107367
56747,9943253,1.7819054155,1.103952,-1.320659,-1.235962,2.294490,-0.001831,0.107371
56681,9943319,1.7821864276,1.103546,-1.320819,-1.235952,2.294568,-0.001829,0.107375
56543,9943457,1.7827746057,1.102697,-1.321153,-1.235932,2.294732,-0.001825,0.107384
56519,9943481,1.7828769816,1.102549,-1.321211,-1.235928,2.294760,-0.001824,0.107385
56477,9943523,1.7830561993,1.102290,-1.321313,-1.235922,2.294810,-0.001823,0.107388
56267,9943733,1.7839534352,1.100990,-1.321822,-1.235887,2.295060,-0.001816,0.107402
56123,9943877,1.7845697905,1.100096,-1.322171,-1.235861,2.295231,-0.001812,0.107411
56093,9943907,1.7846983116,1.099909,-1.322244,-1.235856,2.295267,-0.001811,0.107413
55931,9944069,1.7853930047,1.098899,-1.322638,-1.235825,2.295460,-0.001806,0.107423
55829,9944171,1.7858309932,1.098261,-1.322885,-1.235804,2.295582,-0.001802,0.107430
55823,9944177,1.7858567714,1.098224,-1.322900,-1.235803,2.295589,-0.001802,0.107430
55733,9944267,1.7862436344,1.097660,-1.323119,-1.235784,2.295697,-0.001799,0.107436
55529,9944471,1.7871218427,1.096377,-1.323615,-1.235739,2.295941,-0.001793,0.107449
55487,9944513,1.7873028780,1.096113,-1.323717,-1.235730,2.295991,-0.001792,0.107452
55469,9944531,1.7873804884,1.095999,-1.323761,-1.235725,2.296013,-0.001791,0.107453
55337,9944663,1.7879500688,1.095165,-1.324082,-1.235694,2.296171,-0.001787,0.107461
55073,9944927,1.7890915465,1.093490,-1.324724,-1.235628,2.296489,-0.001779,0.107479
55061,9944939,1.7891435055,1.093414,-1.324754,-1.235625,2.296503,-0.001778,0.107479
55049,9944951,1.7891954708,1.093337,-1.324783,-1.235621,2.296518,-0.001778,0.107480
54851,9945149,1.7900538263,1.092074,-1.325265,-1.235568,2.296757,-0.001772,0.107493
54767,9945233,1.7904185063,1.091537,-1.325470,-1.235544,2.296858,-0.001769,0.107498
54539,9945461,1.7914099465,1.090073,-1.326026,-1.235477,2.297135,-0.001762,0.107513
54419,9945581,1.7919326957,1.089299,-1.326319,-1.235440,2.297280,-0.001758,0.107521
54413,9945587,1.7919588502,1.089260,-1.326334,-1.235438,2.297287,-0.001758,0.107521
54293,9945707,1.7924822814,1.088485,-1.326627,-1.235400,2.297433,-0.001754,0.107529
54059,9945941,1.7935048459,1.086966,-1.327198,-1.235322,2.297718,-0.001747,0.107544
53951,9946049,1.7939776368,1.086263,-1.327462,-1.235285,2.297850,-0.001743,0.107551
53927,9946073,1.7940827736,1.086106,-1.327521,-1.235276,2.297879,-0.001743,0.107553
53897,9946103,1.7942142313,1.085911,-1.327594,-1.235266,2.297916,-0.001742,0.107555
53891,9946109,1.7942405278,1.085871,-1.327609,-1.235264,2.297923,-0.001742,0.107555
53831,9946169,1.7945035828,1.085479,-1.327755,-1.235242,2.297996,-0.001740,0.107559
53699,9946301,1.7950828822,1.084615,-1.328078,-1.235194,2.298158,-0.001735,0.107568
53267,9946733,1.7969843547,1.081768,-1.329136,-1.235025,2.298688,-0.001722,0.107596
53201,9946799,1.7972756138,1.081331,-1.329297,-1.234998,2.298769,-0.001720,0.107600
53171,9946829,1.7974080708,1.081132,-1.329371,-1.234986,2.298806,-0.001719,0.107602
53117,9946883,1.7976465983,1.080774,-1.329503,-1.234963,2.298873,-0.001717,0.107605
52859,9947141,1.7987880945,1.079054,-1.330135,-1.234852,2.299191,-0.001709,0.107622
52817,9947183,1.7989742121,1.078774,-1.330238,-1.234833,2.299243,-0.001708,0.107625
52757,9947243,1.7992402368,1.078372,-1.330385,-1.234806,2.299317,-0.001706,0.107629
52709,9947291,1.7994531774,1.078050,-1.330503,-1.234784,2.299376,-0.001704,0.107632
52697,9947303,1.7995064294,1.077970,-1.330532,-1.234779,2.299391,-0.001704,0.107633
52631,9947369,1.7997994352,1.077527,-1.330694,-1.234748,2.299473,-0.001702,0.107637
52583,9947417,1.8000126581,1.077204,-1.330812,-1.234726,2.299532,-0.001700,0.107640
52571,9947429,1.8000659807,1.077124,-1.330842,-1.234720,2.299547,-0.001700,0.107641
52511,9947489,1.8003326946,1.076720,-1.330989,-1.234692,2.299622,-0.001698,0.107645
52259,9947741,1.8014547367,1.075018,-1.331607,-1.234570,2.299935,-0.001690,0.107661
52163,9947837,1.8018829668,1.074367,-1.331843,-1.234522,2.300054,-0.001687,0.107668
51899,9948101,1.8030628434,1.072569,-1.332492,-1.234385,2.300384,-0.001679,0.107685
51827,9948173,1.8033852006,1.072077,-1.332669,-1.234347,2.300474,-0.001676,0.107690
51797,9948203,1.8035195888,1.071872,-1.332742,-1.234331,2.300511,-0.001676,0.107692
51713,9948287,1.8038961032,1.071296,-1.332949,-1.234285,2.300616,-0.001673,0.107697
51431,9948569,1.8051625751,1.069356,-1.333642,-1.234127,2.300970,-0.001664,0.107716
51407,9948593,1.8052705353,1.069190,-1.333701,-1.234113,2.301000,-0.001663,0.107717
51287,9948713,1.8058107507,1.068360,-1.333997,-1.234043,2.301151,-0.001659,0.107725
51203,9948797,1.8061893126,1.067778,-1.334203,-1.233994,2.301257,-0.001657,0.107731
51059,9948941,1.8068390655,1.066777,-1.334558,-1.233907,2.301438,-0.001652,0.107740
50741,9949259,1.8082774826,1.064554,-1.335341,-1.233708,2.301840,-0.001642,0.107761
50549,9949451,1.8091483347,1.063205,-1.335814,-1.233583,2.302083,-0.001636,0.107774
50513,9949487,1.8093118192,1.062951,-1.335903,-1.233559,2.302129,-0.001635,0.107776
50387,9949613,1.8098845128,1.062061,-1.336213,-1.233475,2.302289,-0.001631,0.107785
50261,9949739,1.8104579824,1.061168,-1.336524,-1.233389,2.302449,-0.001627,0.107793
50231,9949769,1.8105946373,1.060955,-1.336598,-1.233368,2.302487,-0.001626,0.107795
50111,9949889,1.8111416987,1.060102,-1.336894,-1.233284,2.302640,-0.001622,0.107803
50069,9949931,1.8113333373,1.059803,-1.336997,-1.233255,2.302694,-0.001621,0.107806
50033,9949967,1.8114976679,1.059546,-1.337086,-1.233229,2.302740,-0.001620,0.107808
49937,9950063,1.8119361952,1.058861,-1.337323,-1.233160,2.302862,-0.001617,0.107814
49919,9950081,1.8120184696,1.058732,-1.337367,-1.233147,2.302885,-0.001616,0.107816
49853,9950147,1.8123202793,1.058260,-1.337530,-1.233099,2.302970,-0.001614,0.107820
49547,9950453,1.8137223953,1.056060,-1.338285,-1.232870,2.303362,-0.001605,0.107840
49463,9950537,1.8141081030,1.055453,-1.338493,-1.232806,2.303470,-0.001602,0.107846
49391,9950609,1.8144389891,1.054932,-1.338670,-1.232750,2.303562,-0.001600,0.107851
49307,9950693,1.8148253497,1.054323,-1.338878,-1.232684,2.303670,-0.001597,0.107856
49223,9950777,1.8152120628,1.053713,-1.339085,-1.232617,2.303779,-0.001594,0.107862
49139,9950861,1.8155991289,1.053102,-1.339293,-1.232550,2.303887,-0.001592,0.107867
49121,9950879,1.8156821177,1.052970,-1.339337,-1.232535,2.303910,-0.001591,0.107869
49043,9950957,1.8160419233,1.052401,-1.339530,-1.232472,2.304011,-0.001589,0.107874
48953,9951047,1.8164574634,1.051743,-1.339752,-1.232397,2.304127,-0.001586,0.107880
48857,9951143,1.8169011553,1.051040,-1.339989,-1.232317,2.304251,-0.001583,0.107886
48809,9951191,1.8171231754,1.050688,-1.340108,-1.232277,2.304313,-0.001581,0.107889
48623,9951377,1.8179846025,1.049319,-1.340567,-1.232118,2.304554,-0.001575,0.107902
48593,9951407,1.8181237062,1.049097,-1.340641,-1.232092,2.304593,-0.001574,0.107904
48533,9951467,1.8184020506,1.048654,-1.340790,-1.232040,2.304671,-0.001573,0.107908
48497,9951503,1.8185691449,1.048388,-1.340879,-1.232008,2.304718,-0.001571,0.107910
48437,9951563,1.8188477817,1.047943,-1.341027,-1.231955,2.304796,-0.001569,0.107914
48413,9951587,1.8189592877,1.047765,-1.341086,-1.231934,2.304827,-0.001569,0.107916
48299,9951701,1.8194893412,1.046919,-1.341368,-1.231831,2.304975,-0.001565,0.107923
48281,9951719,1.8195730944,1.046785,-1.341413,-1.231815,2.304999,-0.001565,0.107925
48239,9951761,1.8197685828,1.046472,-1.341516,-1.231777,2.305054,-0.001563,0.107927
48131,9951869,1.8202716809,1.045667,-1.341783,-1.231678,2.305194,-0.001560,0.107935
47963,9952037,1.8210554645,1.044410,-1.342199,-1.231521,2.305414,-0.001555,0.107946
47711,9952289,1.8222338577,1.042515,-1.342822,-1.231280,2.305744,-0.001547,0.107963
47657,9952343,1.8224867962,1.042107,-1.342955,-1.231228,2.305815,-0.001545,0.107966
47507,9952493,1.8231901940,1.040972,-1.343326,-1.231079,2.306012,-0.001540,0.107976
47459,9952541,1.8234155273,1.040608,-1.343445,-1.231031,2.306075,-0.001539,0.107980
47441,9952559,1.8235000581,1.040471,-1.343489,-1.231013,2.306098,-0.001538,0.107981
47339,9952661,1.8239793836,1.039696,-1.343741,-1.230910,2.306233,-0.001535,0.107988
47207,9952793,1.8246004902,1.038689,-1.344068,-1.230775,2.306407,-0.001531,0.107996
47147,9952853,1.8248831115,1.038230,-1.344216,-1.230713,2.306486,-0.001529,0.108000
47051,9952949,1.8253356964,1.037495,-1.344454,-1.230612,2.306613,-0.001526,0.108007
46817,9953183,1.8264408929,1.035695,-1.345032,-1.230362,2.306922,-0.001518,0.108023
46769,9953231,1.8266679550,1.035325,-1.345151,-1.230310,2.306986,-0.001517,0.108026
46757,9953243,1.8267247395,1.035232,-1.345181,-1.230297,2.307002,-0.001516,0.108027
46601,9953399,1.8274636274,1.034024,-1.345566,-1.230125,2.307209,-0.001511,0.108037
46187,9953813,1.8294307597,1.030797,-1.346590,-1.229654,2.307760,-0.001498,0.108065
46103,9953897,1.8298309985,1.030138,-1.346798,-1.229556,2.307873,-0.001496,0.108071
46073,9953927,1.8299740321,1.029902,-1.346872,-1.229521,2.307913,-0.001495,0.108073
45971,9954029,1.8304607056,1.029099,-1.347124,-1.229400,2.308049,-0.001491,0.108080
45863,9954137,1.8309766130,1.028247,-1.347391,-1.229270,2.308194,-0.001488,0.108087
45833,9954167,1.8311200315,1.028010,-1.347465,-1.229234,2.308234,-0.001487,0.108089
45827,9954173,1.8311487209,1.027962,-1.347480,-1.229226,2.308242,-0.001487,0.108089
45707,9954293,1.8317229161,1.027012,-1.347777,-1.229080,2.308403,-0.001483,0.108098
45677,9954323,1.8318665857,1.026774,-1.347851,-1.229043,2.308443,-0.001482,0.108100
45659,9954341,1.8319528108,1.026631,-1.347896,-1.229021,2.308467,-0.001482,0.108101
45641,9954359,1.8320390532,1.026488,-1.347940,-1.228998,2.308492,-0.001481,0.108102
45533,9954467,1.8325568742,1.025628,-1.348207,-1.228864,2.308637,-0.001478,0.108109
45413,9954587,1.8331329686,1.024671,-1.348504,-1.228713,2.308798,-0.001474,0.108118
45317,9954683,1.8335944046,1.023902,-1.348741,-1.228590,2.308928,-0.001471,0.108124
45281,9954719,1.8337675717,1.023614,-1.348830,-1.228544,2.308976,-0.001470,0.108126
45119,9954881,1.8345476940,1.022311,-1.349230,-1.228333,2.309195,-0.001465,0.108137
44927,9955073,1.8354741320,1.020761,-1.349704,-1.228079,2.309455,-0.001458,0.108151
44843,9955157,1.8358800811,1.020080,-1.349912,-1.227966,2.309569,-0.001456,0.108156
44777,9955223,1.8361993117,1.019544,-1.350075,-1.227876,2.309659,-0.001454,0.108161
44729,9955271,1.8364316293,1.019154,-1.350193,-1.227811,2.309724,-0.001452,0.108164
44711,9955289,1.8365187810,1.019008,-1.350238,-1.227786,2.309748,-0.001452,0.108165
44699,9955301,1.8365768919,1.018910,-1.350267,-1.227770,2.309764,-0.001451,0.108166
44687,9955313,1.8366350108,1.018812,-1.350297,-1.227753,2.309781,-0.001451,0.108167
44651,9955349,1.8368094148,1.018519,-1.350386,-1.227704,2.309830,-0.001450,0.108169
44501,9955499,1.8375368648,1.017293,-1.350756,-1.227495,2.310034,-0.001445,0.108180
44357,9955643,1.8382363825,1.016112,-1.351112,-1.227292,2.310230,-0.001440,0.108189
43997,9956003,1.8399901952,1.013140,-1.352000,-1.226770,2.310722,-0.001429,0.108214
43973,9956027,1.8401073719,1.012941,-1.352059,-1.226735,2.310755,-0.001428,0.108216
43913,9956087,1.8404004538,1.012443,-1.352207,-1.226646,2.310837,-0.001426,0.108220
43793,9956207,1.8409872200,1.011443,-1.352503,-1.226466,2.311002,-0.001422,0.108228
43787,9956213,1.8410165794,1.011393,-1.352518,-1.226457,2.311010,-0.001422,0.108228
43721,9956279,1.8413396657,1.010842,-1.352680,-1.226357,2.311101,-0.001420,0.108233
43577,9956423,1.8420454278,1.009637,-1.353035,-1.226136,2.311299,-0.001416,0.108243
43541,9956459,1.8422220501,1.009335,-1.353124,-1.226081,2.311349,-0.001414,0.108245
43283,9956717,1.8434899758,1.007161,-1.353759,-1.225676,2.311705,-0.001406,0.108263
43271,9956729,1.8435490404,1.007059,-1.353789,-1.225657,2.311721,-0.001406,0.108264
43133,9956867,1.8442288681,1.005890,-1.354128,-1.225436,2.311912,-0.001402,0.108273
43103,9956897,1.8443767994,1.005635,-1.354202,-1.225387,2.311954,-0.001401,0.108275
43037,9956963,1.8447024276,1.005074,-1.354365,-1.225280,2.312045,-0.001399,0.108280
42953,9957047,1.8451172211,1.004358,-1.354571,-1.225143,2.312162,-0.001396,0.108285
42839,9957161,1.8456807966,1.003384,-1.354852,-1.224955,2.312320,-0.001392,0.108293
42797,9957203,1.8458886163,1.003025,-1.354955,-1.224885,2.312378,-0.001391,0.108296
42683,9957317,1.8464532053,1.002047,-1.355235,-1.224693,2.312537,-0.001387,0.108304
42677,9957323,1.8464829411,1.001995,-1.355250,-1.224683,2.312545,-0.001387,0.108304
42467,9957533,1.8475249910,1.000185,-1.355766,-1.224325,2.312838,-0.001380,0.108319
42323,9957677,1.8482410018,0.998938,-1.356119,-1.224075,2.313039,-0.001376,0.108329
41981,9958019,1.8499463178,0.995956,-1.356958,-1.223467,2.313518,-0.001365,0.108352
41801,9958199,1.8508465726,0.994375,-1.357400,-1.223139,2.313771,-0.001359,0.108365
41771,9958229,1.8509967981,0.994111,-1.357473,-1.223083,2.313813,-0.001358,0.108367
41729,9958271,1.8512072019,0.993741,-1.357576,-1.223006,2.313872,-0.001357,0.108370
41669,9958331,1.8515079570,0.993211,-1.357723,-1.222894,2.313957,-0.001355,0.108374
41543,9958457,1.8521402265,0.992096,-1.358031,-1.222658,2.314134,-0.001351,0.108383
41039,9958961,1.8546786121,0.987595,-1.359263,-1.221684,2.314847,-0.001335,0.108418
40949,9959051,1.8551334699,0.986784,-1.359483,-1.221505,2.314975,-0.001332,0.108424
40763,9959237,1.8560750294,0.985103,-1.359937,-1.221130,2.315240,-0.001326,0.108437
40709,9959291,1.8563487699,0.984613,-1.360068,-1.221020,2.315317,-0.001325,0.108441
40697,9959303,1.8564096247,0.984504,-1.360098,-1.220996,2.315334,-0.001324,0.108441
40529,9959471,1.8572624919,0.982975,-1.360507,-1.220650,2.315573,-0.001319,0.108453
40487,9959513,1.8574759716,0.982592,-1.360609,-1.220562,2.315633,-0.001318,0.108456
40361,9959639,1.8581170435,0.981439,-1.360916,-1.220298,2.315814,-0.001313,0.108465
40163,9959837,1.8591263638,0.979618,-1.361397,-1.219876,2.316097,-0.001307,0.108479
40013,9959987,1.8598925690,0.978232,-1.361761,-1.219552,2.316313,-0.001302,0.108489
39971,9960029,1.8601073494,0.977843,-1.361863,-1.219460,2.316373,-0.001301,0.108492
39857,9960143,1.8606908617,0.976784,-1.362140,-1.219209,2.316537,-0.001297,0.108500
39821,9960179,1.8608752920,0.976449,-1.362227,-1.219130,2.316589,-0.001296,0.108502
39761,9960239,1.8611828501,0.975890,-1.362373,-1.218996,2.316675,-0.001294,0.108507
39719,9960281,1.8613982706,0.975498,-1.362474,-1.218902,2.316736,-0.001293,0.108510
39659,9960341,1.8617061998,0.974937,-1.362620,-1.218767,2.316822,-0.001291,0.108514
39521,9960479,1.8624152670,0.973644,-1.362954,-1.218455,2.317021,-0.001287,0.108523
39317,9960683,1.8634655784,0.971722,-1.363447,-1.217985,2.317317,-0.001280,0.108538
39239,9960761,1.8638678399,0.970984,-1.363636,-1.217803,2.317430,-0.001278,0.108543
39227,9960773,1.8639297593,0.970870,-1.363665,-1.217775,2.317447,-0.001277,0.108544
38603,9961397,1.8671617727,0.964904,-1.365168,-1.216271,2.318355,-0.001258,0.108588
38393,9961607,1.8682548848,0.962871,-1.365672,-1.215745,2.318662,-0.001251,0.108603
38351,9961649,1.8684738363,0.962463,-1.365773,-1.215639,2.318724,-0.001250,0.108606
38327,9961673,1.8685990009,0.962229,-1.365830,-1.215578,2.318759,-0.001249,0.108607
38261,9961739,1.8689433885,0.961586,-1.365989,-1.215409,2.318856,-0.001247,0.108612
38183,9961817,1.8693507426,0.960825,-1.366175,-1.215209,2.318970,-0.001244,0.108617
38039,9961961,1.8701037808,0.959415,-1.366520,-1.214836,2.319182,-0.001240,0.108628
37997,9962003,1.8703236617,0.959002,-1.366620,-1.214726,2.319244,-0.001238,0.108631
37967,9962033,1.8704807872,0.958708,-1.366692,-1.214648,2.319288,-0.001237,0.108633
37811,9962189,1.8712987515,0.957170,-1.367065,-1.214235,2.319518,-0.001232,0.108644
37799,9962201,1.8713617352,0.957051,-1.367093,-1.214203,2.319535,-0.001232,0.108645
37781,9962219,1.8714562279,0.956873,-1.367136,-1.214155,2.319562,-0.001231,0.108646
37589,9962411,1.8724654210,0.954968,-1.367594,-1.213638,2.319845,-0.001225,0.108659
37511,9962489,1.8728760711,0.954191,-1.367779,-1.213426,2.319961,-0.001223,0.108665
37409,9962591,1.8734136568,0.953173,-1.368022,-1.213145,2.320112,-0.001219,0.108672
37361,9962639,1.8736668667,0.952692,-1.368136,-1.213013,2.320183,-0.001218,0.108676
37199,9962801,1.8745225314,0.951065,-1.368520,-1.212560,2.320423,-0.001213,0.108687
37181,9962819,1.8746177084,0.950884,-1.368563,-1.212510,2.320450,-0.001212,0.108688
37049,9962951,1.8753163045,0.949551,-1.368876,-1.212136,2.320646,-0.001208,0.108698
37013,9962987,1.8755070239,0.949187,-1.368961,-1.212033,2.320700,-0.001207,0.108700
36923,9963077,1.8759841850,0.948274,-1.369174,-1.211775,2.320834,-0.001204,0.108707
36749,9963251,1.8769081687,0.946503,-1.369585,-1.211270,2.321093,-0.001198,0.108719
36671,9963329,1.8773229996,0.945705,-1.369769,-1.211041,2.321210,-0.001196,0.108725
36551,9963449,1.8779619659,0.944475,-1.370051,-1.210685,2.321389,-0.001192,0.108733
36479,9963521,1.8783457915,0.943735,-1.370221,-1.210470,2.321497,-0.001190,0.108738
36251,9963749,1.8795634509,0.941379,-1.370756,-1.209780,2.321839,-0.001183,0.108754
36161,9963839,1.8800450337,0.940444,-1.370967,-1.209504,2.321974,-0.001180,0.108761
35993,9964007,1.8809453974,0.938693,-1.371360,-1.208983,2.322227,-0.001174,0.108773
35951,9964049,1.8811707757,0.938253,-1.371458,-1.208851,2.322290,-0.001173,0.108776
35753,9964247,1.8822348251,0.936174,-1.371920,-1.208224,2.322589,-0.001167,0.108790
35597,9964403,1.8830749751,0.934527,-1.372283,-1.207723,2.322825,-0.001162,0.108801
35537,9964463,1.8833985351,0.933891,-1.372423,-1.207528,2.322916,-0.001160,0.108805
35531,9964469,1.8834309041,0.933828,-1.372436,-1.207509,2.322925,-0.001160,0.108806
35159,9964841,1.8854424175,0.929858,-1.373298,-1.206278,2.323489,-0.001148,0.108832
35153,9964847,1.8854749362,0.929793,-1.373312,-1.206258,2.323498,-0.001147,0.108833
35141,9964859,1.8855399807,0.929664,-1.373339,-1.206217,2.323516,-0.001147,0.108834
35117,9964883,1.8856700984,0.929406,-1.373395,-1.206136,2.323553,-0.001146,0.108835
35069,9964931,1.8859304483,0.928890,-1.373506,-1.205974,2.323626,-0.001145,0.108839
34949,9965051,1.8865819920,0.927595,-1.373782,-1.205565,2.323809,-0.001141,0.108848
34883,9965117,1.8869407489,0.926881,-1.373934,-1.205339,2.323909,-0.001139,0.108852
34631,9965369,1.8883132178,0.924140,-1.374512,-1.204461,2.324294,-0.001131,0.108870
34589,9965411,1.8885423749,0.923681,-1.374608,-1.204313,2.324359,-0.001129,0.108873
34313,9965687,1.8900512051,0.920649,-1.375238,-1.203327,2.324782,-0.001121,0.108893
34301,9965699,1.8901169224,0.920516,-1.375266,-1.203283,2.324800,-0.001120,0.108894
34283,9965717,1.8902155166,0.920318,-1.375307,-1.203218,2.324828,-0.001120,0.108895
34217,9965783,1.8905772150,0.919588,-1.375457,-1.202978,2.324929,-0.001118,0.108900
34157,9965843,1.8909062864,0.918923,-1.375593,-1.202758,2.325021,-0.001116,0.108904
33863,9966137,1.8925222504,0.915645,-1.376259,-1.201667,2.325474,-0.001106,0.108926
33809,9966191,1.8928196961,0.915040,-1.376381,-1.201463,2.325557,-0.001105,0.108930
33749,9966251,1.8931504234,0.914366,-1.376516,-1.201236,2.325650,-0.001103,0.108934
33629,9966371,1.8938126119,0.913014,-1.376786,-1.200778,2.325835,-0.001099,0.108943
33581,9966419,1.8940777616,0.912471,-1.376894,-1.200593,2.325910,-0.001097,0.108946
33413,9966587,1.8950070225,0.910566,-1.377270,-1.199941,2.326170,-0.001092,0.108958
33377,9966623,1.8952064005,0.910157,-1.377351,-1.199800,2.326226,-0.001091,0.108961
33311,9966689,1.8955721571,0.909404,-1.377498,-1.199540,2.326328,-0.001089,0.108966
32969,9967031,1.8974722238,0.905479,-1.378259,-1.198171,2.326860,-0.001078,0.108990
32957,9967043,1.8975390388,0.905340,-1.378286,-1.198123,2.326879,-0.001077,0.108991
32831,9967169,1.8982411950,0.903882,-1.378565,-1.197608,2.327075,-0.001073,0.109000
32633,9967367,1.8993467978,0.901577,-1.379001,-1.196787,2.327384,-0.001067,0.109015
32621,9967379,1.8994138911,0.901437,-1.379028,-1.196737,2.327403,-0.001066,0.109016
32579,9967421,1.8996487965,0.900946,-1.379120,-1.196561,2.327469,-0.001065,0.109019
32561,9967439,1.8997495077,0.900735,-1.379160,-1.196485,2.327497,-0.001065,0.109020
32369,9967631,1.9008251588,0.898480,-1.379580,-1.195671,2.327798,-0.001058,0.109034
32327,9967673,1.9010607990,0.897984,-1.379672,-1.195491,2.327863,-0.001057,0.109037
32309,9967691,1.9011618252,0.897772,-1.379711,-1.195413,2.327892,-0.001056,0.109038
32303,9967697,1.9011955056,0.897701,-1.379724,-1.195387,2.327901,-0.001056,0.109039
32297,9967703,1.9012291885,0.897630,-1.379737,-1.195362,2.327910,-0.001056,0.109039
32117,9967883,1.9022408428,0.895497,-1.380129,-1.194581,2.328193,-0.001050,0.109052
31991,9968009,1.9029503467,0.893995,-1.380402,-1.194027,2.328391,-0.001046,0.109061
31883,9968117,1.9035593770,0.892703,-1.380636,-1.193548,2.328561,-0.001043,0.109069
31799,9968201,1.9040336325,0.891694,-1.380817,-1.193172,2.328694,-0.001040,0.109075
31721,9968279,1.9044744560,0.890755,-1.380985,-1.192821,2.328817,-0.001038,0.109081
31649,9968351,1.9048817496,0.889886,-1.381139,-1.192494,2.328931,-0.001035,0.109086
31583,9968417,1.9052554224,0.889087,-1.381281,-1.192193,2.329035,-0.001033,0.109091
31259,9968741,1.9070942726,0.885139,-1.381971,-1.190690,2.329548,-0.001023,0.109115
31121,9968879,1.9078797412,0.883444,-1.382263,-1.190037,2.329767,-0.001018,0.109125
30977,9969023,1.9087008011,0.881666,-1.382566,-1.189347,2.329996,-0.001014,0.109135
30941,9969059,1.9089062964,0.881220,-1.382642,-1.189174,2.330053,-0.001013,0.109138
30839,9969161,1.9094890337,0.879953,-1.382856,-1.188678,2.330215,-0.001009,0.109145
30773,9969227,1.9098664940,0.879131,-1.382994,-1.188356,2.330320,-0.001007,0.109150
30671,9969329,1.9104504529,0.877856,-1.383206,-1.187853,2.330483,-0.001004,0.109158
30497,9969503,1.9114483340,0.875671,-1.383568,-1.186986,2.330761,-0.000998,0.109171
30449,9969551,1.9117239928,0.875066,-1.383667,-1.186744,2.330837,-0.000997,0.109174
30389,9969611,1.9120687986,0.874308,-1.383791,-1.186441,2.330933,-0.000995,0.109178
30347,9969653,1.9123103163,0.873776,-1.383877,-1.186227,2.331001,-0.000994,0.109182
30269,9969731,1.9127591851,0.872787,-1.384037,-1.185829,2.331125,-0.000991,0.109187
30203,9969797,1.9131393386,0.871947,-1.384173,-1.185490,2.331231,-0.000989,0.109192
30113,9969887,1.9136582346,0.870799,-1.384357,-1.185025,2.331375,-0.000986,0.109199
29927,9970073,1.9147324691,0.868415,-1.384735,-1.184052,2.331674,-0.000980,0.109212
29759,9970241,1.9157048923,0.866246,-1.385075,-1.183159,2.331944,-0.000975,0.109225
29717,9970283,1.9159483170,0.865702,-1.385159,-1.182934,2.332012,-0.000973,0.109228
29537,9970463,1.9169930137,0.863360,-1.385520,-1.181959,2.332302,-0.000968,0.109241
29411,9970589,1.9177257005,0.861712,-1.385771,-1.181268,2.332505,-0.000963,0.109250
29297,9970703,1.9183896022,0.860213,-1.385997,-1.180637,2.332689,-0.000960,0.109259
29243,9970757,1.9187044122,0.859501,-1.386103,-1.180335,2.332776,-0.000958,0.109263
29153,9970847,1.9192295679,0.858311,-1.386280,-1.179830,2.332922,-0.000955,0.109269
29147,9970853,1.9192645993,0.858232,-1.386292,-1.179796,2.332931,-0.000955,0.109270
28793,9971207,1.9213361070,0.853510,-1.386982,-1.177767,2.333505,-0.000944,0.109296
28697,9971303,1.9218994532,0.852219,-1.387167,-1.177207,2.333661,-0.000941,0.109303
28607,9971393,1.9224282044,0.851003,-1.387340,-1.176677,2.333807,-0.000938,0.109310
28559,9971441,1.9227104483,0.850354,-1.387432,-1.176392,2.333885,-0.000936,0.109313
28517,9971483,1.9229575507,0.849784,-1.387512,-1.176142,2.333953,-0.000935,0.109316
28499,9971501,1.9230634914,0.849540,-1.387546,-1.176035,2.333983,-0.000934,0.109318
28403,9971597,1.9236289111,0.848233,-1.387729,-1.175460,2.334139,-0.000931,0.109325
28319,9971681,1.9241242100,0.847087,-1.387888,-1.174952,2.334276,-0.000928,0.109331
28289,9971711,1.9243012285,0.846676,-1.387944,-1.174770,2.334325,-0.000927,0.109333
28163,9971837,1.9250454311,0.844946,-1.388181,-1.174000,2.334530,-0.000923,0.109343
27941,9972059,1.9263594985,0.841878,-1.388595,-1.172623,2.334892,-0.000916,0.109359
27767,9972233,1.9273919930,0.839455,-1.388915,-1.171524,2.335177,-0.000911,0.109372
27617,9972383,1.9282838764,0.837352,-1.389189,-1.170564,2.335422,-0.000906,0.109383
27551,9972449,1.9286768345,0.836423,-1.389309,-1.170137,2.335531,-0.000904,0.109388
27449,9972551,1.9292847701,0.834982,-1.389493,-1.169473,2.335698,-0.000900,0.109395
27431,9972569,1.9293921332,0.834727,-1.389525,-1.169356,2.335727,-0.000900,0.109397
27197,9972803,1.9307900491,0.831397,-1.389943,-1.167807,2.336112,-0.000892,0.109414
26951,9973049,1.9322640567,0.827862,-1.390375,-1.166144,2.336516,-0.000884,0.109432
26921,9973079,1.9324441230,0.827428,-1.390428,-1.165939,2.336565,-0.000883,0.109435
26891,9973109,1.9326242566,0.826994,-1.390480,-1.165733,2.336615,-0.000882,0.109437
26879,9973121,1.9326963289,0.826820,-1.390501,-1.165651,2.336635,-0.000882,0.109438
26801,9973199,1.9331650614,0.825689,-1.390636,-1.165113,2.336763,-0.000879,0.109444
26783,9973217,1.9332732951,0.825427,-1.390667,-1.164988,2.336793,-0.000879,0.109445
26759,9973241,1.9334176444,0.825078,-1.390708,-1.164821,2.336832,-0.000878,0.109447
26693,9973307,1.9338148275,0.824116,-1.390821,-1.164361,2.336941,-0.000876,0.109452
26669,9973331,1.9339593386,0.823766,-1.390862,-1.164193,2.336981,-0.000875,0.109453
26633,9973367,1.9341761862,0.823239,-1.390924,-1.163941,2.337040,-0.000874,0.109456
26591,9973409,1.9344292978,0.822624,-1.390995,-1.163645,2.337109,-0.000873,0.109459
26489,9973511,1.9350445483,0.821126,-1.391168,-1.162923,2.337278,-0.000869,0.109467
26249,9973751,1.9364952774,0.817576,-1.391570,-1.161196,2.337674,-0.000862,0.109485
26237,9973763,1.9365679275,0.817398,-1.391589,-1.161109,2.337694,-0.000861,0.109486
26189,9973811,1.9368586360,0.816683,-1.391669,-1.160759,2.337773,-0.000860,0.109489
26111,9973889,1.9373314070,0.815519,-1.391797,-1.160187,2.337902,-0.000857,0.109495
25667,9974333,1.9400312928,0.808818,-1.392512,-1.156854,2.338638,-0.000843,0.109528
25601,9974399,1.9404338963,0.807811,-1.392616,-1.156348,2.338747,-0.000841,0.109533
25439,9974561,1.9414234993,0.805328,-1.392868,-1.155091,2.339016,-0.000836,0.109545
25391,9974609,1.9417170958,0.804589,-1.392942,-1.154715,2.339096,-0.000834,0.109549
25349,9974651,1.9419741355,0.803941,-1.393007,-1.154385,2.339165,-0.000833,0.109552
25253,9974747,1.9425621557,0.802456,-1.393153,-1.153626,2.339325,-0.000830,0.109559
25229,9974771,1.9427092696,0.802083,-1.393190,-1.153435,2.339365,-0.000829,0.109561
25163,9974837,1.9431140576,0.801058,-1.393290,-1.152908,2.339474,-0.000827,0.109566
25031,9974969,1.9439246223,0.798997,-1.393487,-1.151844,2.339694,-0.000822,0.109576
24971,9975029,1.9442934968,0.798057,-1.393576,-1.151357,2.339794,-0.000820,0.109580
24809,9975191,1.9452908195,0.795505,-1.393813,-1.150027,2.340063,-0.000815,0.109592
24611,9975389,1.9465124695,0.792362,-1.394098,-1.148375,2.340393,-0.000809,0.109607
24407,9975593,1.9477742473,0.789094,-1.394384,-1.146642,2.340733,-0.000802,0.109622
24317,9975683,1.9483319171,0.787643,-1.394508,-1.145867,2.340883,-0.000799,0.109629
24197,9975803,1.9490764325,0.785700,-1.394671,-1.144824,2.341083,-0.000795,0.109638
24137,9975863,1.9494490998,0.784724,-1.394752,-1.144298,2.341183,-0.000793,0.109642
23909,9976091,1.9508677263,0.780993,-1.395053,-1.142273,2.341563,-0.000786,0.109659
23753,9976247,1.9518406377,0.778417,-1.395254,-1.140863,2.341823,-0.000781,0.109671
23741,9976259,1.9519155535,0.778218,-1.395269,-1.140754,2.341843,-0.000781,0.109672
23687,9976313,1.9522528099,0.777322,-1.395337,-1.140260,2.341933,-0.000779,0.109676
23531,9976469,1.9532283484,0.774721,-1.395532,-1.138821,2.342194,-0.000774,0.109688
23459,9976541,1.9536792196,0.773514,-1.395620,-1.138150,2.342314,-0.000771,0.109693
23447,9976553,1.9537544030,0.773312,-1.395634,-1.138038,2.342334,-0.000771,0.109694
23087,9976913,1.9560149816,0.767214,-1.396059,-1.134610,2.342935,-0.000759,0.109721
23063,9976937,1.9561660361,0.766804,-1.396086,-1.134378,2.342975,-0.000759,0.109723
22973,9977027,1.9567328789,0.765261,-1.396188,-1.133501,2.343125,-0.000756,0.109729
22943,9977057,1.9569219629,0.764746,-1.396221,-1.133207,2.343175,-0.000755,0.109732
22859,9977141,1.9574517604,0.763298,-1.396314,-1.132379,2.343315,-0.000752,0.109738
22817,9977183,1.9577168594,0.762573,-1.396360,-1.131963,2.343385,-0.000751,0.109741
22787,9977213,1.9579062976,0.762053,-1.396393,-1.131665,2.343435,-0.000750,0.109743
22727,9977273,1.9582853783,0.761012,-1.396457,-1.131066,2.343536,-0.000748,0.109748
22679,9977321,1.9585888389,0.760178,-1.396508,-1.130584,2.343616,-0.000746,0.109751
22481,9977519,1.9598424553,0.756714,-1.396713,-1.128575,2.343946,-0.000740,0.109766
22391,9977609,1.9604132600,0.755129,-1.396804,-1.127649,2.344096,-0.000737,0.109773
22367,9977633,1.9605655779,0.754705,-1.396828,-1.127400,2.344136,-0.000736,0.109775
22349,9977651,1.9606798449,0.754387,-1.396845,-1.127214,2.344166,-0.000736,0.109776
22259,9977741,1.9612515464,0.752792,-1.396933,-1.126276,2.344316,-0.000733,0.109783
22133,9977867,1.9620529547,0.750547,-1.397053,-1.124950,2.344526,-0.000729,0.109792
22091,9977909,1.9623203567,0.749795,-1.397092,-1.124505,2.344596,-0.000727,0.109795
22079,9977921,1.9623967817,0.749580,-1.397103,-1.124377,2.344616,-0.000727,0.109796
21881,9978119,1.9636593587,0.746016,-1.397281,-1.122250,2.344946,-0.000720,0.109811
21821,9978179,1.9640425400,0.744929,-1.397333,-1.121598,2.345046,-0.000718,0.109815
21617,9978383,1.9653473786,0.741209,-1.397504,-1.119351,2.345385,-0.000712,0.109831
21569,9978431,1.9656548531,0.740328,-1.397543,-1.118816,2.345465,-0.000710,0.109834
21401,9978599,1.9667323731,0.737230,-1.397673,-1.116924,2.345744,-0.000705,0.109847
21347,9978653,1.9670791673,0.736228,-1.397714,-1.116310,2.345834,-0.000703,0.109851
21341,9978659,1.9671177134,0.736117,-1.397718,-1.116241,2.345844,-0.000703,0.109851
21179,9978821,1.9681594755,0.733095,-1.397835,-1.114377,2.346112,-0.000698,0.109863
21089,9978911,1.9687390781,0.731406,-1.397896,-1.113329,2.346262,-0.000695,0.109870
21011,9978989,1.9692418884,0.729936,-1.397948,-1.112412,2.346391,-0.000692,0.109876
20981,9979019,1.9694353975,0.729368,-1.397967,-1.112058,2.346441,-0.000691,0.109878
20963,9979037,1.9695515351,0.729028,-1.397979,-1.111845,2.346470,-0.000691,0.109879
20939,9979061,1.9697064227,0.728573,-1.397994,-1.111561,2.346510,-0.000690,0.109881
20873,9979127,1.9701325842,0.727320,-1.398035,-1.110775,2.346619,-0.000688,0.109886
20717,9979283,1.9711411598,0.724341,-1.398127,-1.108897,2.346877,-0.000683,0.109898
20663,9979337,1.9714907023,0.723305,-1.398158,-1.108240,2.346966,-0.000681,0.109902
20357,9979643,1.9734755112,0.717376,-1.398313,-1.104452,2.347471,-0.000671,0.109924
20183,9979817,1.9746072025,0.713963,-1.398389,-1.102246,2.347757,-0.000665,0.109937
20123,9979877,1.9749979559,0.712779,-1.398412,-1.101477,2.347856,-0.000663,0.109942
19979,9980021,1.9759368386,0.709921,-1.398465,-1.099611,2.348092,-0.000659,0.109952
19937,9980063,1.9762109647,0.709084,-1.398479,-1.099062,2.348161,-0.000657,0.109955
19763,9980237,1.9773479986,0.705595,-1.398532,-1.096763,2.348445,-0.000652,0.109968
19751,9980249,1.9774264959,0.705353,-1.398535,-1.096603,2.348465,-0.000651,0.109969
19709,9980291,1.9777013186,0.704505,-1.398546,-1.096041,2.348533,-0.000650,0.109972
19697,9980303,1.9777798629,0.704263,-1.398549,-1.095880,2.348553,-0.000649,0.109973
19559,9980441,1.9786838717,0.701462,-1.398580,-1.094015,2.348778,-0.000645,0.109983
19301,9980699,1.9803776614,0.696171,-1.398621,-1.090459,2.349197,-0.000636,0.110002
19259,9980741,1.9806538474,0.695303,-1.398625,-1.089871,2.349265,-0.000635,0.110005
19163,9980837,1.9812856041,0.693311,-1.398633,-1.088518,2.349421,-0.000632,0.110012
19031,9980969,1.9821553443,0.690554,-1.398638,-1.086636,2.349634,-0.000628,0.110022
19013,9980987,1.9822740414,0.690177,-1.398638,-1.086377,2.349663,-0.000627,0.110023
18947,9981053,1.9827094611,0.688790,-1.398637,-1.085425,2.349770,-0.000625,0.110028
18839,9981161,1.9834226328,0.686509,-1.398633,-1.083852,2.349943,-0.000621,0.110036
18803,9981197,1.9836605401,0.685746,-1.398631,-1.083324,2.350001,-0.000620,0.110039
18617,9981383,1.9848911840,0.681778,-1.398610,-1.080565,2.350300,-0.000614,0.110052
18443,9981557,1.9860446301,0.678028,-1.398578,-1.077935,2.350577,-0.000609,0.110065
18401,9981599,1.9863233650,0.677118,-1.398569,-1.077293,2.350644,-0.000607,0.110068
18311,9981689,1.9869210675,0.675159,-1.398546,-1.075908,2.350787,-0.000604,0.110075
18269,9981731,1.9872001879,0.674242,-1.398534,-1.075257,2.350854,-0.000603,0.110078
18191,9981809,1.9877188784,0.672532,-1.398510,-1.074041,2.350978,-0.000600,0.110083
18131,9981869,1.9881181571,0.671212,-1.398489,-1.073098,2.351072,-0.000598,0.110088
18089,9981911,1.9883977998,0.670285,-1.398474,-1.072435,2.351139,-0.000597,0.110091
17903,9982097,1.9896376734,0.666154,-1.398398,-1.069463,2.351432,-0.000591,0.110104
17789,9982211,1.9903987642,0.663600,-1.398344,-1.067612,2.351610,-0.000587,0.110113
17681,9982319,1.9911206118,0.661164,-1.398287,-1.065837,2.351779,-0.000584,0.110120
17627,9982373,1.9914818314,0.659941,-1.398256,-1.064942,2.351863,-0.000582,0.110124
17483,9982517,1.9924460433,0.656659,-1.398168,-1.062531,2.352087,-0.000577,0.110135
17477,9982523,1.9924862490,0.656522,-1.398164,-1.062429,2.352096,-0.000577,0.110135
17393,9982607,1.9930493814,0.654594,-1.398107,-1.061005,2.352226,-0.000574,0.110141
17351,9982649,1.9933311240,0.653627,-1.398078,-1.060287,2.352291,-0.000573,0.110144
17327,9982673,1.9934921725,0.653073,-1.398061,-1.059876,2.352328,-0.000572,0.110146
17231,9982769,1.9941367487,0.650849,-1.397989,-1.058220,2.352475,-0.000569,0.110153
17189,9982811,1.9944189425,0.649872,-1.397956,-1.057490,2.352540,-0.000568,0.110156
17117,9982883,1.9949029739,0.648192,-1.397898,-1.056231,2.352650,-0.000565,0.110161
17099,9982901,1.9950240350,0.647770,-1.397883,-1.055914,2.352677,-0.000565,0.110162
17021,9982979,1.9955488787,0.645940,-1.397815,-1.054537,2.352796,-0.000562,0.110168
16661,9983339,1.9979763609,0.637378,-1.397464,-1.048023,2.353340,-0.000550,0.110193
16493,9983507,1.9991120366,0.633317,-1.397276,-1.044894,2.353591,-0.000545,0.110205
16451,9983549,1.9993962357,0.632295,-1.397226,-1.044102,2.353653,-0.000543,0.110208
16421,9983579,1.9995993034,0.631564,-1.397190,-1.043535,2.353697,-0.000542,0.110210
16361,9983639,2.0000056090,0.630097,-1.397116,-1.042394,2.353786,-0.000540,0.110214
16001,9983999,2.0024481629,0.621178,-1.396629,-1.035386,2.354312,-0.000529,0.110239
15881,9984119,2.0032641242,0.618159,-1.396449,-1.032986,2.354486,-0.000525,0.110248
15791,9984209,2.0038766704,0.615880,-1.396308,-1.031165,2.354614,-0.000522,0.110254
15749,9984251,2.0041626931,0.614812,-1.396241,-1.030308,2.354674,-0.000520,0.110257
15647,9984353,2.0048577613,0.612206,-1.396072,-1.028211,2.354819,-0.000517,0.110264
15569,9984431,2.0053897041,0.610202,-1.395938,-1.026591,2.354929,-0.000515,0.110269
15413,9984587,2.0064546724,0.606162,-1.395658,-1.023307,2.355148,-0.000509,0.110280
15299,9984701,2.0072338232,0.603184,-1.395442,-1.020869,2.355306,-0.000506,0.110288
15287,9984713,2.0073158832,0.602869,-1.395419,-1.020610,2.355322,-0.000505,0.110288
15173,9984827,2.0080958696,0.599866,-1.395193,-1.018137,2.355479,-0.000502,0.110296
15149,9984851,2.0082601729,0.599231,-1.395145,-1.017612,2.355512,-0.000501,0.110298
15131,9984869,2.0083834220,0.598754,-1.395108,-1.017217,2.355536,-0.000500,0.110299
15107,9984893,2.0085477832,0.598117,-1.395059,-1.016689,2.355569,-0.000499,0.110301
14939,9985061,2.0096992316,0.593630,-1.394701,-1.012954,2.355796,-0.000494,0.110312
14891,9985109,2.0100285106,0.592339,-1.394595,-1.011873,2.355860,-0.000492,0.110315
14831,9985169,2.0104402915,0.590718,-1.394459,-1.010514,2.355940,-0.000490,0.110319
14813,9985187,2.0105638652,0.590231,-1.394418,-1.010104,2.355963,-0.000490,0.110320
14771,9985229,2.0108522739,0.589092,-1.394322,-1.009145,2.356019,-0.000488,0.110323
14753,9985247,2.0109759077,0.588602,-1.394280,-1.008732,2.356043,-0.000488,0.110324
14741,9985259,2.0110583403,0.588276,-1.394252,-1.008456,2.356059,-0.000487,0.110325
14639,9985361,2.0117593388,0.585489,-1.394008,-1.006097,2.356192,-0.000484,0.110332
14627,9985373,2.0118418470,0.585160,-1.393979,-1.005818,2.356208,-0.000484,0.110333
14447,9985553,2.0130804138,0.580191,-1.393528,-1.001579,2.356440,-0.000478,0.110344
14369,9985631,2.0136176716,0.578019,-1.393324,-0.999713,2.356539,-0.000475,0.110350
13967,9986033,2.0163917409,0.566632,-1.392190,-0.989811,2.357037,-0.000462,0.110376
13931,9986069,2.0166405771,0.565596,-1.392081,-0.988901,2.357080,-0.000461,0.110378
13649,9986351,2.0185920834,0.557390,-1.391189,-0.981625,2.357413,-0.000452,0.110396
13217,9986783,2.0215893132,0.544488,-1.389672,-0.969968,2.357896,-0.000437,0.110422
13187,9986813,2.0217977914,0.543577,-1.389560,-0.969134,2.357928,-0.000436,0.110424
13151,9986849,2.0220480222,0.542481,-1.389423,-0.968130,2.357966,-0.000435,0.110426
13103,9986897,2.0223817595,0.541014,-1.389240,-0.966783,2.358017,-0.000434,0.110429
13007,9986993,2.0230495622,0.538065,-1.388865,-0.964065,2.358117,-0.000430,0.110435
12809,9987191,2.0244282726,0.531915,-1.388059,-0.958352,2.358318,-0.000424,0.110447
12791,9987209,2.0245537004,0.531352,-1.387984,-0.957825,2.358336,-0.000423,0.110448
12713,9987287,2.0250973937,0.528900,-1.387652,-0.955529,2.358412,-0.000421,0.110453
12689,9987311,2.0252647402,0.528142,-1.387549,-0.954817,2.358435,-0.000420,0.110454
12611,9987389,2.0258087986,0.525671,-1.387209,-0.952489,2.358510,-0.000417,0.110459
12497,9987503,2.0266044590,0.522032,-1.386698,-0.949044,2.358616,-0.000414,0.110465
12329,9987671,2.0277780798,0.516610,-1.385916,-0.943871,2.358767,-0.000408,0.110475
12263,9987737,2.0282394906,0.514461,-1.385599,-0.941806,2.358825,-0.000406,0.110478
12149,9987851,2.0290369287,0.510721,-1.385039,-0.938197,2.358921,-0.000402,0.110485
12119,9987881,2.0292468765,0.509731,-1.384889,-0.937238,2.358946,-0.000401,0.110486
12107,9987893,2.0293308667,0.509334,-1.384828,-0.936854,2.358956,-0.000401,0.110487
11927,9988073,2.0305914796,0.503338,-1.383898,-0.931007,2.359099,-0.000395,0.110497
11789,9988211,2.0315589104,0.498682,-1.383155,-0.926426,2.359202,-0.000390,0.110504
11717,9988283,2.0320639866,0.496231,-1.382757,-0.924002,2.359254,-0.000388,0.110508
11699,9988301,2.0321902910,0.495617,-1.382656,-0.923392,2.359267,-0.000387,0.110509
11597,9988403,2.0329062821,0.492115,-1.382076,-0.919906,2.359336,-0.000384,0.110514
11519,9988481,2.0334541103,0.489417,-1.381622,-0.917207,2.359388,-0.000381,0.110518
11447,9988553,2.0339600330,0.486911,-1.381195,-0.914690,2.359433,-0.000379,0.110522
11423,9988577,2.0341287242,0.486072,-1.381051,-0.913845,2.359448,-0.000378,0.110523
11393,9988607,2.0343396235,0.485021,-1.380870,-0.912785,2.359466,-0.000377,0.110525
11279,9988721,2.0351413996,0.481004,-1.380168,-0.908715,2.359533,-0.000373,0.110530
11243,9988757,2.0353947104,0.479727,-1.379942,-0.907416,2.359553,-0.000372,0.110532
11093,9988907,2.0364507867,0.474365,-1.378978,-0.901931,2.359631,-0.000367,0.110539
11027,9988973,2.0369157761,0.471983,-1.378542,-0.899480,2.359663,-0.000365,0.110543
10973,9989027,2.0372963666,0.470024,-1.378180,-0.897458,2.359688,-0.000363,0.110545
10739,9989261,2.0389471154,0.461428,-1.376552,-0.888506,2.359782,-0.000356,0.110556
10733,9989267,2.0389894753,0.461206,-1.376509,-0.888273,2.359784,-0.000355,0.110556
10589,9989411,2.0400066149,0.455824,-1.375458,-0.882605,2.359831,-0.000351,0.110562
10301,9989699,2.0420438731,0.444848,-1.373237,-0.870897,2.359896,-0.000341,0.110574
10271,9989729,2.0422563234,0.443689,-1.372997,-0.869648,2.359901,-0.000340,0.110576
10253,9989747,2.0423838155,0.442991,-1.372851,-0.868895,2.359903,-0.000339,0.110576
10193,9989807,2.0428089093,0.440658,-1.372363,-0.866373,2.359910,-0.000337,0.110579
10151,9989849,2.0431065859,0.439016,-1.372016,-0.864594,2.359914,-0.000336,0.110580
10079,9989921,2.0436171048,0.436188,-1.371413,-0.861517,2.359919,-0.000334,0.110583
9791,9990209,2.0456620280,0.424681,-1.368892,-0.848861,2.359911,-0.000324,0.110593
9749,9990251,2.0459606442,0.422977,-1.368509,-0.846968,2.359906,-0.000323,0.110595
9533,9990467,2.0474980979,0.414100,-1.366474,-0.837028,2.359864,-0.000316,0.110602
9431,9990569,2.0482251656,0.409843,-1.365474,-0.832214,2.359834,-0.000312,0.110605
9323,9990677,2.0489957815,0.405288,-1.364388,-0.827029,2.359795,-0.000309,0.110608
9311,9990689,2.0490814566,0.404779,-1.364265,-0.826448,2.359790,-0.000308,0.110608
9221,9990779,2.0497243581,0.400941,-1.363335,-0.822049,2.359751,-0.000305,0.110611
9203,9990797,2.0498530112,0.400169,-1.363146,-0.821161,2.359743,-0.000305,0.110611
9137,9990863,2.0503249535,0.397327,-1.362447,-0.817884,2.359710,-0.000302,0.110613
9011,9990989,2.0512269020,0.391849,-1.361080,-0.811528,2.359638,-0.000298,0.110616
8933,9991067,2.0517859186,0.388422,-1.360211,-0.807526,2.359587,-0.000296,0.110617
8867,9991133,2.0522593513,0.385500,-1.359463,-0.804099,2.359541,-0.000294,0.110619
8861,9991139,2.0523024102,0.385234,-1.359395,-0.803785,2.359537,-0.000293,0.110619
8849,9991151,2.0523885379,0.384700,-1.359257,-0.803157,2.359528,-0.000293,0.110619
8741,9991259,2.0531642979,0.379867,-1.358000,-0.797448,2.359443,-0.000289,0.110621
8699,9991301,2.0534662885,0.377972,-1.357502,-0.795200,2.359408,-0.000288,0.110622
8663,9991337,2.0537252790,0.376342,-1.357071,-0.793260,2.359376,-0.000287,0.110622
8537,9991463,2.0546328166,0.370585,-1.355531,-0.786374,2.359257,-0.000283,0.110624
8429,9991571,2.0554121063,0.365589,-1.354171,-0.780351,2.359144,-0.000279,0.110626
8273,9991727,2.0565402204,0.358268,-1.352140,-0.771448,2.358961,-0.000274,0.110627
8243,9991757,2.0567575219,0.356846,-1.351740,-0.769708,2.358923,-0.000273,0.110627
8231,9991769,2.0568444761,0.356275,-1.351580,-0.769009,2.358908,-0.000272,0.110627
7883,9992117,2.0593752490,0.339401,-1.346695,-0.748076,2.358397,-0.000261,0.110629
7793,9992207,2.0600329257,0.334927,-1.345359,-0.742444,2.358243,-0.000258,0.110628
7727,9992273,2.0605161473,0.331617,-1.344359,-0.738253,2.358125,-0.000256,0.110628
7607,9992393,2.0613968692,0.325532,-1.342497,-0.730501,2.357895,-0.000252,0.110627
7517,9992483,2.0620593407,0.320911,-1.341062,-0.724570,2.357711,-0.000249,0.110626
7331,9992669,2.0634342034,0.311203,-1.337986,-0.711988,2.357298,-0.000242,0.110624
7307,9992693,2.0636122115,0.309934,-1.337578,-0.710332,2.357241,-0.000242,0.110623
7109,9992891,2.0650866109,0.299324,-1.334112,-0.696365,2.356739,-0.000235,0.110619
7079,9992921,2.0653109692,0.297694,-1.333571,-0.694202,2.356658,-0.000234,0.110618
6917,9993083,2.0665273249,0.288782,-1.330572,-0.682291,2.356196,-0.000229,0.110614
6911,9993089,2.0665725390,0.288448,-1.330458,-0.681842,2.356178,-0.000228,0.110613
6833,9993167,2.0671614550,0.284088,-1.328965,-0.675961,2.355939,-0.000226,0.110611
6827,9993173,2.0672068453,0.283751,-1.328849,-0.675504,2.355920,-0.000226,0.110610
6791,9993209,2.0674794618,0.281722,-1.328147,-0.672755,2.355806,-0.000224,0.110609
6761,9993239,2.0677070089,0.280024,-1.327558,-0.670448,2.355709,-0.000223,0.110608
6659,9993341,2.0684832687,0.274201,-1.325517,-0.662498,2.355367,-0.000220,0.110604
6581,9993419,2.0690797360,0.269695,-1.323917,-0.656304,2.355092,-0.000217,0.110601
6563,9993437,2.0692177517,0.268649,-1.323543,-0.654860,2.355027,-0.000217,0.110600
6473,9993527,2.0699100066,0.263379,-1.321645,-0.647559,2.354693,-0.000214,0.110595
6449,9993551,2.0700952413,0.261962,-1.321131,-0.645588,2.354601,-0.000213,0.110594
6389,9993611,2.0705595469,0.258402,-1.319831,-0.640618,2.354366,-0.000211,0.110591
6299,9993701,2.0712594177,0.253006,-1.317839,-0.633042,2.353999,-0.000208,0.110586
6287,9993713,2.0713530561,0.252281,-1.317570,-0.632021,2.353948,-0.000208,0.110585
6257,9993743,2.0715874951,0.250465,-1.316892,-0.629456,2.353821,-0.000207,0.110583
6197,9993803,2.0720578822,0.246809,-1.315520,-0.624276,2.353561,-0.000205,0.110579
6173,9993827,2.0722466171,0.245338,-1.314965,-0.622185,2.353455,-0.000204,0.110578
6143,9993857,2.0724830154,0.243492,-1.314265,-0.619556,2.353320,-0.000203,0.110576
6131,9993869,2.0725777265,0.242751,-1.313984,-0.618500,2.353265,-0.000202,0.110575
6113,9993887,2.0727199583,0.241638,-1.313560,-0.616910,2.353183,-0.000202,0.110574
6089,9993911,2.0729099134,0.240150,-1.312991,-0.614780,2.353072,-0.000201,0.110572
6011,9993989,2.0735298124,0.235277,-1.311116,-0.607779,2.352701,-0.000198,0.110566
5903,9994097,2.0743949188,0.228439,-1.308450,-0.597882,2.352162,-0.000195,0.110558
5861,9994139,2.0747336057,0.225751,-1.307390,-0.593967,2.351944,-0.000193,0.110554
5849,9994151,2.0748306154,0.224980,-1.307085,-0.592842,2.351881,-0.000193,0.110553
5711,9994289,2.0759543560,0.216013,-1.303499,-0.579677,2.351126,-0.000188,0.110541
5669,9994331,2.0762994858,0.213247,-1.302379,-0.575586,2.350886,-0.000187,0.110537
5651,9994349,2.0764478681,0.212057,-1.301895,-0.573821,2.350781,-0.000186,0.110535
5573,9994427,2.0770942336,0.206859,-1.299766,-0.566084,2.350316,-0.000184,0.110527
5531,9994469,2.0774446330,0.204035,-1.298599,-0.561859,2.350058,-0.000182,0.110523
5501,9994499,2.0776959687,0.202007,-1.297757,-0.558815,2.349871,-0.000181,0.110520
5441,9994559,2.0782013601,0.197921,-1.296050,-0.552662,2.349486,-0.000179,0.110513
5387,9994613,2.0786594341,0.194211,-1.294487,-0.547048,2.349130,-0.000178,0.110507
5303,9994697,2.0793783893,0.188378,-1.292004,-0.538169,2.348556,-0.000175,0.110497
5273,9994727,2.0796371325,0.186276,-1.291102,-0.534953,2.348345,-0.000174,0.110493
5261,9994739,2.0797409305,0.185432,-1.290739,-0.533660,2.348260,-0.000173,0.110491
5231,9994769,2.0800011922,0.183315,-1.289825,-0.530411,2.348044,-0.000172,0.110487
5087,9994913,2.0812664844,0.173011,-1.285322,-0.514475,2.346962,-0.000167,0.110468
4943,9995057,2.0825607279,0.162460,-1.280613,-0.497951,2.345796,-0.000163,0.110446
4871,9995129,2.0832198214,0.157088,-1.278177,-0.489458,2.345180,-0.000160,0.110434
4787,9995213,2.0839997150,0.150735,-1.275265,-0.479346,2.344431,-0.000157,0.110420
4523,9995477,2.0865372307,0.130151,-1.265583,-0.446060,2.341852,-0.000149,0.110369
4517,9995483,2.0865965833,0.129672,-1.265353,-0.445276,2.341789,-0.000148,0.110368
4481,9995519,2.0869544084,0.126785,-1.263965,-0.440542,2.341407,-0.000147,0.110361
4451,9995549,2.0872548804,0.124365,-1.262795,-0.436561,2.341084,-0.000146,0.110354
4283,9995717,2.0889785834,0.110560,-1.256022,-0.413643,2.339173,-0.000141,0.110316
4139,9995861,2.0905172976,0.098370,-1.249903,-0.393109,2.337392,-0.000136,0.110279
4073,9995927,2.0912436191,0.092667,-1.246995,-0.383408,2.336527,-0.000133,0.110261
4013,9995987,2.0919163525,0.087417,-1.244293,-0.374423,2.335714,-0.000131,0.110244
3989,9996011,2.0921889138,0.085300,-1.243196,-0.370784,2.335381,-0.000131,0.110237
3911,9996089,2.0930891021,0.078345,-1.239567,-0.358776,2.334267,-0.000128,0.110214
3863,9996137,2.0936544866,0.074009,-1.237283,-0.351244,2.333557,-0.000126,0.110199
3851,9996149,2.0937972500,0.072918,-1.236706,-0.349343,2.333377,-0.000126,0.110195
3581,9996419,2.0971754283,0.047621,-1.223030,-0.304657,2.328972,-0.000117,0.110101
3539,9996461,2.0977324960,0.043550,-1.220778,-0.297356,2.328222,-0.000116,0.110085
3491,9996509,2.0983807663,0.038849,-1.218159,-0.288888,2.327343,-0.000114,0.110066
3407,9996593,2.0995467576,0.030497,-1.213460,-0.273746,2.325742,-0.000111,0.110031
3191,9996809,2.1027512176,0.008243,-1.200650,-0.232790,2.321233,-0.000104,0.109931
2633,9997367,2.1128761271,-0.055332,-1.161815,-0.111166,2.306242,-0.000085,0.109590
2549,9997451,2.1147087638,-0.065803,-1.155114,-0.090526,2.303452,-0.000082,0.109525
2477,9997523,2.1163616050,-0.074997,-1.149164,-0.072275,2.300922,-0.000080,0.109466
2423,9997577,2.1176549050,-0.082032,-1.144570,-0.058232,2.298936,-0.000078,0.109419
2417,9997583,2.1178015870,-0.082821,-1.144052,-0.056652,2.298710,-0.000078,0.109414
2399,9997601,2.1182453171,-0.085198,-1.142490,-0.051890,2.298027,-0.000077,0.109398
2357,9997643,2.1193027238,-0.090799,-1.138794,-0.040638,2.296396,-0.000076,0.109359
2339,9997661,2.1197656258,-0.093224,-1.137188,-0.035755,2.295682,-0.000075,0.109342
2297,9997703,2.1208693297,-0.098940,-1.133384,-0.024217,2.293975,-0.000074,0.109302
2213,9997787,2.1231815475,-0.110624,-1.125542,-0.000511,2.290390,-0.000071,0.109216
2141,9997859,2.1252836290,-0.120922,-1.118557,0.020505,2.287122,-0.000069,0.109138
2087,9997913,2.1269392729,-0.128828,-1.113150,0.036710,2.284543,-0.000067,0.109076
2063,9997937,2.1276982130,-0.132394,-1.110698,0.044038,2.283359,-0.000066,0.109047
2003,9997997,2.1296613290,-0.141457,-1.104436,0.062710,2.280293,-0.000064,0.108972
1901,9998099,2.1332315111,-0.157378,-1.093328,0.095652,2.274705,-0.000061,0.108836
1871,9998129,2.1343420031,-0.162191,-1.089943,0.105642,2.272964,-0.000060,0.108793
1721,9998279,2.1403593057,-0.187246,-1.072159,0.157782,2.263508,-0.000055,0.108559
1667,9998333,2.1427355179,-0.196707,-1.065380,0.177498,2.259763,-0.000053,0.108465
1619,9998381,2.1449519002,-0.205332,-1.059173,0.195469,2.256264,-0.000051,0.108377
1607,9998393,2.1455221204,-0.207522,-1.057593,0.200029,2.255363,-0.000051,0.108354
1559,9998441,2.1478707450,-0.216420,-1.051162,0.218546,2.251647,-0.000049,0.108260
1553,9998447,2.1481721781,-0.217549,-1.050345,0.220892,2.251170,-0.000049,0.108248
1439,9998561,2.1542581597,-0.239729,-1.034236,0.266851,2.241503,-0.000045,0.108001
1367,9998633,2.1584867147,-0.254533,-1.023450,0.297291,2.234750,-0.000043,0.107827
1301,9998699,2.1626580860,-0.268720,-1.013109,0.326207,2.228054,-0.000041,0.107653
1259,9998741,2.1654731475,-0.278088,-1.006286,0.345129,2.223513,-0.000039,0.107534
1223,9998777,2.1679928257,-0.286346,-1.000279,0.361680,2.219433,-0.000038,0.107426
1097,9998903,2.1776738459,-0.317142,-0.978006,0.422083,2.203588,-0.000034,0.107005
1031,9998969,2.1833478442,-0.334650,-0.965481,0.455289,2.194160,-0.000032,0.106750
953,9999047,2.1906703146,-0.356831,-0.949818,0.495919,2.181807,-0.000029,0.106413
947,9999053,2.1912636060,-0.358612,-0.948571,0.499106,2.180796,-0.000029,0.106385
929,9999071,2.1930707024,-0.364028,-0.944794,0.508716,2.177707,-0.000028,0.106300
839,9999161,2.2027600243,-0.392867,-0.925000,0.557855,2.160873,-0.000025,0.105831
701,9999299,2.2200668610,-0.444430,-0.891188,0.635977,2.129459,-0.000021,0.104936
683,9999317,2.2225777658,-0.452009,-0.886407,0.646299,2.124736,-0.000020,0.104799
653,9999347,2.2269087897,-0.465184,-0.878217,0.663497,2.116479,-0.000019,0.104558
599,9999401,2.2351988069,-0.490866,-0.862692,0.694233,2.100261,-0.000018,0.104079
467,9999533,2.2586401066,-0.568439,-0.819144,0.764461,2.051097,-0.000013,0.102585
347,9999653,2.2854271819,-0.670495,-0.767650,0.808639,1.988568,-0.000010,0.100593
251,9999749,2.3142159680,-0.797680,-0.706898,0.803201,1.917352,-0.000007,0.098204
239,9999761,2.3187277380,-0.818592,-0.696796,0.797359,1.906462,-0.000006,0.097828
137,9999863,2.3823446966,-1.089425,-0.548219,0.641121,1.785920,-0.000003,0.093468
71,9999929,2.5301396518,-1.474839,-0.223092,0.280039,1.674175,-0.000002,0.089122
29,9999971,2.9603223503,-1.945485,0.717115,-0.320605,1.661628,-0.000001,0.088617
