p,p2,distance,pos_p_x,pos_p_y,pos_p_z,pos_p2_x,pos_p2_y,pos_p2_z
32411,32413,0.0000152815,-0.5158783071273677,0.7916223252766823,-0.9885740665863333,-0.5158844221123681,0.7916084718098785,-0.988585710088548
32369,32371,0.0000153115,-0.5157642241607102,0.7919357115150201,-0.9883566676551765,-0.5157703558445224,0.7919218414103483,-0.9883683439751236
32321,32323,0.0000153458,-0.5156334168670207,0.7922943177462528,-0.9881073724395845,-0.5156395677041379,0.7922804285830731,-0.9881190864019972
32297,32299,0.0000153630,-0.5155678419821221,0.7924738014099693,-0.9879823880573566,-0.5155740024235786,0.7924599026999706,-0.9879941208958177
32189,32191,0.0000154409,-0.5152713352895605,0.7932829718118667,-0.9874171661003681,-0.5152775391804543,0.7932690299956163,-0.9874289843361803
32141,32143,0.0000154757,-0.5151388051332115,0.7936433901008849,-0.987164482393638,-0.5151450284564978,0.7936294290495067,-0.9871763388244327
32117,32119,0.0000154932,-0.5150723662576391,0.7938237813970676,-0.9870377987001767,-0.5150785993253489,0.7938098107103253,-0.9870496742843455
32057,32059,0.0000155370,-0.5149057603125705,0.7942752920653529,-0.9867200887769113,-0.5149120178240549,0.7942612972381192,-0.986732012408276
32027,32029,0.0000155590,-0.5148221839337848,0.7945013331632057,-0.9865606960326172,-0.5148284537116503,0.7944873262377472,-0.98657264377567
31847,31849,0.0000156920,-0.5143168692858507,0.7958615982548168,-0.9855967538242009,-0.5143232132909472,0.7958475183457225,-0.9856088474826534
31769,31771,0.0000157502,-0.5140958300986861,0.7964531960120519,-0.9851749744749994,-0.5141022066072372,0.7964390842653208,-0.9851871320333343
31727,31729,0.0000157817,-0.5139762863667034,0.7967722896692805,-0.9849468343627774,-0.513982680462769,0.7967581607258687,-0.9849590264983373
31721,31723,0.0000157862,-0.5139591787212998,0.796817905457219,-0.9849141839590684,-0.5139655753347853,0.7968037740540795,-0.9849263810439682
31541,31543,0.0000159225,-0.5134424431922708,0.7981899941127542,-0.9839277738573597,-0.513448915904586,0.7981757885604716,-0.9839401205635523
31511,31513,0.0000159454,-0.5133556568516763,0.798419358239317,-0.9837620662662062,-0.5133621423564225,0.7984051402612361,-0.9837744381257018
31391,31393,0.0000160376,-0.5130065974765237,0.7993387759782149,-0.9830954699388676,-0.5130131344670167,0.7993245081021976,-0.9831079430373978
31319,31321,0.0000160934,-0.512795682707359,0.7998919384183732,-0.9826926017040758,-0.5128022508339705,0.7998776404532167,-0.9827051360305649
31247,31249,0.0000161494,-0.5125836503238874,0.800446239699306,-0.98228753429439,-0.5125902497718997,0.8004319115314833,-0.9823001302157732
31181,31183,0.0000162011,-0.5123882996904178,0.8009553531558341,-0.9819142790608347,-0.5123949280137328,0.8009409972019856,-0.9819269317690377
31151,31153,0.0000162247,-0.5122991901758988,0.8011870867089104,-0.9817440001286477,-0.5123058316765337,0.8011727180932212,-0.9817566787523899
31121,31123,0.0000162483,-0.5122098838550584,0.8014190196472075,-0.9815733338988647,-0.5122165385657793,0.8014046383497199,-0.9815860385030405
31079,31081,0.0000162815,-0.5120845234164559,0.801744061299812,-0.9813337486266898,-0.512091196676546,0.801729662214198,-0.9813464897129021
30869,30871,0.0000164493,-0.511451871809029,0.803375169310904,-0.9801243103634222,-0.5114586387929989,0.8033606806923005,-0.9801372357949651
30851,30853,0.0000164638,-0.5113971874112121,0.8035154381765622,-0.9800197445579997,-0.5114039625051863,0.8035009418374544,-0.9800326859421498
30839,30841,0.0000164735,-0.5113606907737986,0.8036089912327882,-0.9799499545597903,-0.5113674712812127,0.8035944897425985,-0.9799629065924266
30557,30559,0.0000167039,-0.5104936387710987,0.8058168595394731,-0.9782914247109623,-0.5105005480723084,0.805802236051615,-0.9783046301086973
30491,30493,0.0000167586,-0.510288085968825,0.8063362066694315,-0.9778980895266717,-0.5102950258562963,0.8063215543641441,-0.9779113551002481
30467,30469,0.0000167785,-0.5102130899168427,0.8065253073602077,-0.9777545672373619,-0.5102200409688331,0.8065106445507235,-0.9777678547767515
30389,30391,0.0000168437,-0.5099684290133081,0.8071407976779127,-0.9772863013059193,-0.5099754165065797,0.8071261006368146,-0.9772996605444144
30269,30271,0.0000169448,-0.5095892512374305,0.8080904429678492,-0.9765604262957543,-0.509596295265752,0.8080756929835375,-0.9765738967747672
30137,30139,0.0000170572,-0.5091682314907133,0.80913890627643,-0.9757542377651014,-0.5091753383760076,0.8091240976604419,-0.9757678319329699
30089,30091,0.0000170983,-0.5090141052383168,0.8095211716869026,-0.9754590539303165,-0.5090212351562814,0.8095063416471527,-0.9754726934238479
30011,30013,0.0000171656,-0.5087624717504236,0.8101435023738595,-0.974977060063718,-0.5087696392981638,0.8101286374023976,-0.9749907736110747
29879,29881,0.0000172804,-0.5083332818960402,0.8111999335807403,-0.974154784491362,-0.5083405136994112,0.8111850091587861,-0.9741686244988575
29759,29761,0.0000173859,-0.5079394209427299,0.8121638979100662,-0.9733999981054362,-0.5079467117949208,0.8121489190733737,-0.9734139543342044
29669,29671,0.0000174658,-0.5076416968106082,0.8128891169787615,-0.9728293229126642,-0.5076490323512632,0.8128740970984731,-0.9728433671036968
29567,29569,0.0000175570,-0.5073018412363083,0.8137133715211718,-0.9721777623517053,-0.5073092278452807,0.813698304881937,-0.972191907068379
29399,29401,0.0000177090,-0.5067363792932897,0.8150764198451538,-0.9710933776995998,-0.506743851004414,0.8150612756234611,-0.9711076899491706
29387,29389,0.0000177200,-0.5066957154651266,0.8151740413524257,-0.9710153825820423,-0.5067031933026171,0.8151588915618976,-0.971029706892666
29207,29209,0.0000178854,-0.5060813320303028,0.8166425646082314,-0.9698367376050103,-0.5060889025362073,0.8166273308454803,-0.9698512443633516
29129,29131,0.0000179579,-0.5058125011953805,0.8172813821488849,-0.9693208737298304,-0.5058201123124179,0.8172661117403517,-0.9693354604503186
29021,29023,0.0000180591,-0.5054376520833344,0.81816836742306,-0.968601435768281,-0.5054453198916841,0.8181530460144277,-0.9686161341183955
28751,28753,0.0000183163,-0.5044870254394003,0.8203984730327135,-0.9667762364053861,-0.5044948373579796,0.820383022788325,-0.9667912185511831
28661,28663,0.0000184034,-0.5041658022145896,0.8211458879141609,-0.9661592704123468,-0.5041736629401177,0.8211303942954002,-0.9661743486835453
28619,28621,0.0000184443,-0.5040151450438674,0.8214953787759605,-0.9658698692166853,-0.5040230286798637,0.8214798648416336,-0.9658849926118447
28571,28573,0.0000184912,-0.5038423754626737,0.8218953419305509,-0.9655379624871575,-0.5038502853871442,0.8218798047203493,-0.9655531376608808
28547,28549,0.0000185147,-0.5037557538721885,0.8220955419545484,-0.9653715425012489,-0.5037636769831141,0.8220799930831088,-0.9653867436479612
28409,28411,0.0000186510,-0.5032545965120965,0.8232495286834551,-0.9644085517980975,-0.5032625959959807,0.8232339124567716,-0.9644239033815802
28349,28351,0.0000187107,-0.5030350524747853,0.8237527753020518,-0.9639866094942209,-0.5030430854596167,0.8237371296284663,-0.9640020270705039
28307,28309,0.0000187527,-0.5028807724514928,0.8241055959324849,-0.9636900690099838,-0.5028888289945014,0.8240899295872823,-0.9637055329944003
28277,28279,0.0000187828,-0.5027702690981037,0.8243578876126416,-0.9634776565621151,-0.5027783425228791,0.8243422064722538,-0.963493153803253
28181,28183,0.0000188797,-0.5024149509221938,0.825166776477009,-0.9627945715982327,-0.5024230786758614,0.8251510478247385,-0.9628101758700847
28109,28111,0.0000189529,-0.5021467444463408,0.8257750040585522,-0.9622788721352044,-0.5021549132563724,0.8257592396042104,-0.9622945572941789
28097,28099,0.0000189652,-0.5021018994205404,0.8258765058139834,-0.962192638508358,-0.5021100750992968,0.8258607353785475,-0.9622083372000676
27941,27943,0.0000191256,-0.5015151437090679,0.8271994358624016,-0.9610641697000195,-0.5015234093636793,0.8271835873044101,-0.9610800456705756
27917,27919,0.0000191505,-0.5014242484178039,0.8274035271062298,-0.9608893267991921,-0.5014325280282265,0.827387666468355,-0.9609052302682355
27791,27793,0.0000192820,-0.5009442869788718,0.8284774850565065,-0.95996595867894,-0.5009526403594691,0.8284615607301179,-0.9599820075109113
27749,27751,0.0000193261,-0.5007832628463464,0.8288363996653262,-0.9596561250963918,-0.500791641005955,0.8288204540084427,-0.9596722227573927
27737,27739,0.0000193388,-0.5007371601848073,0.828939032251554,-0.9595674124254712,-0.5007455454416128,0.8289230804909269,-0.9595835240722899
27689,27691,0.0000193895,-0.5005523225575559,0.8293499435323962,-0.9592117199941725,-0.5005607362811604,0.8293339673152645,-0.9592278877389799
27581,27583,0.0000195045,-0.5001339269444594,0.8302767290711642,-0.9584064618083314,-0.5001424051778808,0.8302606975828978,-0.9584227566849725
27539,27541,0.0000195495,-0.49997027279878115,0.8306379844210668,-0.9580914432755443,-0.49997877629258153,0.8306219313467516,-0.9581077879359133
27527,27529,0.0000195624,-0.49992341680546315,0.8307412867565691,-0.9580012454250527,-0.49993192753445076,0.8307252275053381,-0.958017604344917
27479,27481,0.0000196141,-0.4997355573735211,0.8311548813387057,-0.957639595470464,-0.4997440971233069,0.8311387973375901,-0.9576560115870888
27407,27409,0.0000196920,-0.4994524564330689,0.8317764316632383,-0.9570945341431529,-0.4994610399555198,0.8317603104101877,-0.9571110365338473
27281,27283,0.0000198297,-0.49895321260359904,0.8328675045228114,-0.9561331503546453,-0.49896187343253856,0.8328513177094692,-0.9561498051220143
27239,27241,0.0000198760,-0.49878571020557894,0.8332321498146716,-0.9558105441764881,-0.49879439700454103,0.833215941042753,-0.9558272501351587
27107,27109,0.0000200225,-0.4982556995603709,0.8343813011153037,-0.9547895903640939,-0.4982644686424805,0.8343650229857308,-0.9548064585250493
27059,27061,0.0000200763,-0.4980616142861702,0.8348003538996588,-0.9544156641018509,-0.49807041354117493,0.8347840504185774,-0.9544325917448567
26951,26953,0.0000201980,-0.4976222576404152,0.8357455348065755,-0.9535690748391878,-0.4976311252812703,0.8357291740280894,-0.9535861373024324
26891,26893,0.0000202662,-0.4973765653131828,0.8362720240401226,-0.95309558156138,-0.49738547124612464,0.836255631275394,-0.9531127195198132
26879,26881,0.0000202799,-0.49732728845978647,0.8363774413078583,-0.9530006099744794,-0.4973362020770501,0.8363610421325868,-0.9530177630833436
26861,26863,0.0000203004,-0.49725328643859407,0.8365356419689824,-0.9528579815190672,-0.49726221159859446,0.8365192331695669,-0.9528751573858188
26729,26731,0.0000204522,-0.49670740791737517,0.8376985293756837,-0.9518057339934342,-0.496716418324061,0.8376820496925199,-0.9518230779416682
26711,26713,0.0000204730,-0.4966325316278831,0.8378574809664747,-0.9516613811905779,-0.49664155374150926,0.8378409915753345,-0.9516787482224849
26699,26701,0.0000204869,-0.4965825553563866,0.8379634989788843,-0.951565030118847,-0.49659158528570413,0.8379470031101325,-0.9515824125618163
26681,26683,0.0000205078,-0.4965075026955422,0.8381226014909352,-0.9514203294371321,-0.4965165443650161,0.8381060958973202,-0.951437735029679
26261,26263,0.0000210055,-0.494725768437119,0.8418609228570892,-0.947983805554502,-0.4947350898168514,0.8418441874365975,-0.948001762759115
26249,26251,0.0000210200,-0.49467398950036257,0.8419684687351052,-0.9478838984528982,-0.494683319037656,0.8419517266650342,-0.9479018717469304
26111,26113,0.0000211881,-0.4940749838766404,0.8432082186873998,-0.9467279671405971,-0.49408440790433455,0.8431913998102869,-0.9467461268093741
25997,25999,0.0000213286,-0.49357518667367334,0.8442365050296029,-0.9457632684463043,-0.4935846897110536,0.8442196222322887,-0.9457815839669101
25931,25933,0.0000214106,-0.4932837551104041,0.8448335528345899,-0.9452006638828125,-0.4932933042895229,0.8448166328344341,-0.9452190704258663
25847,25849,0.0000215158,-0.49291062198222707,0.8455952693562817,-0.9444802407338779,-0.4929202303155469,0.8455783017972547,-0.9444987639738446
25799,25801,0.0000215763,-0.49269627929090815,0.8460314633028729,-0.9440663528729188,-0.492705921643891,0.8460144684612828,-0.9440849432280499
25601,25603,0.0000218288,-0.4918033819852248,0.8478379358409703,-0.9423418304704629,-0.49181316636373923,0.8478208276361263,-0.9423607010388364
25577,25579,0.0000218597,-0.49169418807586796,0.8480576906944264,-0.9421308951521176,-0.4917039898571498,0.848040568657927,-0.9421498000580059
25469,25471,0.0000219998,-0.49120020788981483,0.8490487101357057,-0.9411765399030352,-0.49121008849265974,0.849031525612053,-0.9411956003383534
25409,25411,0.0000220782,-0.4909239188553874,0.8496007826519292,-0.940642680236961,-0.4909338436110353,0.8495835632392492,-0.9406618277981926
25307,25309,0.0000222127,-0.4904511580691997,0.8505417873095966,-0.9397290605420505,-0.4904611584868892,0.8505245082983274,-0.939748357412937
25301,25303,0.0000222206,-0.4904232275624646,0.8505972381366831,-0.9396750792811095,-0.49043323245465503,0.850579955608301,-0.9396943849821522
25169,25171,0.0000223967,-0.48980532605690347,0.8518199125414095,-0.9384807204249433,-0.48981543006420547,0.8518025523163236,-0.9385002217316042
25031,25033,0.0000225832,-0.48915225586291156,0.8531038297131893,-0.9372180923441429,-0.48916246489052173,0.853086387599879,-0.9372378009269938
24977,24979,0.0000226569,-0.4888947142685895,0.8536078184081807,-0.9367200873489272,-0.48890496478632745,0.8535903440664169,-0.9367398778245477
24917,24919,0.0000227393,-0.48860723125323086,0.8541688572948756,-0.9361641313355985,-0.4886175281348106,0.8541513470206729,-0.9361840133267592
24419,24421,0.0000234420,-0.4861661241060224,0.8588686878677807,-0.931441109570326,-0.48617681682206415,0.8588508742709454,-0.9314617730118774
24371,24373,0.0000235116,-0.4859255407275243,0.8593258050530982,-0.9309754213071488,-0.48593627266406936,0.8593079617329145,-0.9309961621896783
24179,24181,0.0000237934,-0.4849536559638167,0.8611616211193822,-0.929093806213177,-0.4849645467240223,0.8611436580313122,-0.929114860715843
24107,24109,0.0000239005,-0.4845852163026645,0.8618531007410226,-0.9283803346564563,-0.48459616743427486,0.8618350923761695,-0.9284015083804783
23909,23911,0.0000241992,-0.4835606231720462,0.8637633187733077,-0.9263958033863665,-0.4835717426596747,0.8637451848609932,-0.926417309606395
23831,23833,0.0000243185,-0.4831523549581189,0.864519334763584,-0.9256048521848226,-0.48316354172331755,0.8645011509718564,-0.925626491286118
23741,23743,0.0000244574,-0.4826779747004439,0.8653941402791363,-0.9246856945505447,-0.4826892397762665,0.8653758986353318,-0.924707488332461
23687,23689,0.0000245413,-0.48239163522915596,0.8659203040565697,-0.9241308194357053,-0.48240294764610747,0.8659020275468583,-0.9241527067307288
23669,23671,0.0000245694,-0.48229590187846993,0.8660959060485534,-0.923945294384837,-0.4823072301353754,0.8660776178909821,-0.9239672129692509
23627,23629,0.0000246351,-0.4820719640149492,0.8665060611687521,-0.9235112962342994,-0.48208332934821446,0.8664877457823346,-0.9235332880586761
23561,23563,0.0000247390,-0.4817184704146209,0.8671517733701389,-0.9228261555837878,-0.4817298943421463,0.8671334150521848,-0.922848263157928
23537,23539,0.0000247770,-0.4815894428213358,0.8673869371064642,-0.9225760564282419,-0.48160088815691937,0.8673685631334448,-0.9225982062939724
23369,23371,0.0000250453,-0.4806789479796171,0.8690384751264895,-0.9208109366382207,-0.48069054469929784,0.8690199909123187,-0.920833385580241
23291,23293,0.0000251715,-0.4802518324912839,0.869808484557029,-0.9199827515763379,-0.4802635004169638,0.8697899487665017,-0.9200053412041524
23201,23203,0.0000253184,-0.4797555090634252,0.8706995136649895,-0.9190202421007282,-0.4797672598869522,0.8706809180507581,-0.9190429955228482
23057,23059,0.0000255564,-0.4789535080465121,0.8721308919260808,-0.9174646492700607,-0.4789653931740233,0.8721121998914144,-0.9174876680763162
23039,23041,0.0000255864,-0.47885256944526133,0.8723103126047006,-0.9172688396995148,-0.4788644715068287,0.8722916084562611,-0.9172918919690168
23027,23029,0.0000256064,-0.4787851915101238,0.8724299881249771,-0.917138130959828,-0.4787971048792436,0.8724112758930961,-0.9171612055742938
22961,22963,0.0000257171,-0.478413385448492,0.8730890879075245,-0.9164168073266294,-0.4784253612703799,0.8730703311078358,-0.9164400053575112
22859,22861,0.0000258896,-0.4778346635154407,0.874110650736197,-0.9152939071362561,-0.4778467367324259,0.8740918246947533,-0.9153172976447718
22739,22741,0.0000260950,-0.4771473530673543,0.8753171071412591,-0.9139600789233838,-0.47715954224972096,0.8752981990681801,-0.91398369862448
22697,22699,0.0000261675,-0.4769051281801039,0.8757405522491095,-0.9134899459129369,-0.47691735830812976,0.8757216153181229,-0.9135136465424825
22637,22639,0.0000262717,-0.47655758163375744,0.8763465445656334,-0.9128153408882813,-0.47656987058090355,0.8763275662761778,-0.9128391577764673
22619,22621,0.0000263030,-0.47645296949551236,0.8765285884637042,-0.9126122712093258,-0.4764652761634699,0.876509597736121,-0.9126361231243119
22571,22573,0.0000263870,-0.47617321451058614,0.8770145957341025,-0.9120691920028341,-0.4761855686044794,0.8769955717689287,-0.9120931376613871
22541,22543,0.0000264397,-0.47599778258094266,0.8773187623628435,-0.911728611067402,-0.47601016644253746,0.877299717572888,-0.9117526155670987
22481,22483,0.0000265457,-0.47564556166384203,0.8779280491001157,-0.911044766787287,-0.4756580053547489,0.8779089625417801,-0.9110688895534389
22367,22369,0.0000267488,-0.4749713191202865,0.8790892100628398,-0.9097355340589668,-0.47498387757742716,0.8790700437056961,-0.9097598836990265
22277,22279,0.0000269110,-0.4744343274535865,0.8800091871137277,-0.9086926483785982,-0.4744469775383372,0.8799899573483361,-0.9087171791624913
22271,22273,0.0000269219,-0.4743983795612211,0.8800706219512585,-0.9086228292050431,-0.4744110357869013,0.8800513879457381,-0.9086473721296386
22157,22159,0.0000271298,-0.47371181617191893,0.8812403408008097,-0.9072892399939949,-0.47372458985332266,0.8812210259244243,-0.9073140151386704
22109,22111,0.0000272181,-0.4734207042400505,0.8817342550844512,-0.9067237102908827,-0.47343352782251064,0.8817149059810468,-0.9067485840990818
22091,22093,0.0000272513,-0.4733112246240624,0.881919687735626,-0.9065110185429892,-0.47332406698817464,0.8819003257700507,-0.9065359294866943
22037,22039,0.0000273514,-0.472981757954612,0.8824766902752901,-0.9058709111988745,-0.47299465689007025,0.8824572896344003,-0.9058959339991647
21839,21841,0.0000277236,-0.4717603877813738,0.8845281221600603,-0.9034975035060951,-0.47177349709022587,0.8845085785617118,-0.9035229423023953
21737,21739,0.0000279186,-0.47112291437065407,0.8855905326663036,-0.9022584614691534,-0.47113613389249825,0.8855709147123049,-0.9022841182223708
21647,21649,0.0000280925,-0.4705556906913585,0.8865311468177833,-0.9011558019048422,-0.47056900851909284,0.8865114628501073,-0.9011816530788885
21611,21613,0.0000281625,-0.4703275442012137,0.8869082343539879,-0.9007122523052143,-0.47034090163258435,0.8868885238736609,-0.9007381818068766
21599,21601,0.0000281859,-0.4702513349047251,0.8870340373883074,-0.9005640851062289,-0.4702647055732733,0.8870143180567711,-0.9005900407886187
21587,21589,0.0000282094,-0.47017504519024667,0.8871598940789817,-0.9004157588739895,-0.470188429114017,0.8871401658893919,-0.9004417407729811
21557,21559,0.0000282681,-0.46998396834527123,0.887474770796287,-0.9000442460726694,-0.4699973854862373,0.8874550204315906,-0.9000702936705426
21521,21523,0.0000283389,-0.469754009310695,0.8878530666478934,-0.8995971119880731,-0.46976746646214296,0.8878332896164203,-0.8996232387225683
21491,21493,0.0000283981,-0.4695618190428346,0.8881686837004638,-0.8992233972324344,-0.46957530966184075,0.8881488843993444,-0.8992495901636519
21377,21379,0.0000286248,-0.4688268396509079,0.889371111026147,-0.8977940721488158,-0.46884045849674244,0.8893512267060283,-0.8978205187158003
21317,21319,0.0000287453,-0.4684370236681776,0.8900059356062292,-0.8970358926287483,-0.4684507106767301,0.8899860062870749,-0.8970624740303947
21191,21193,0.0000290011,-0.4676116315545003,0.8913435108468417,-0.8954303083889625,-0.4676254632435479,0.8913234864589582,-0.8954571760036343
21059,21061,0.0000292730,-0.4667369620549911,0.8927512770670394,-0.893728541148458,-0.4667509475875389,0.8927311522467446,-0.8937557131268563
21017,21019,0.0000293604,-0.4664564928355016,0.893200604916333,-0.8931827865902506,-0.4664705278138107,0.8931804479592814,-0.8932100563972731
21011,21013,0.0000293729,-0.4664163398694304,0.8932648500613042,-0.8931046516603405,-0.46643038193113234,0.8932446885061199,-0.8931319354820924
20981,20983,0.0000294356,-0.4662152517955801,0.8935862840445256,-0.8927133375733389,-0.4662293293484884,0.8935660994717413,-0.8927406916163839
20897,20899,0.0000296124,-0.46564932552820626,0.8944881500287604,-0.8916119614922604,-0.4656635031188548,0.894467900767101,-0.8916395134723902
20807,20809,0.0000298037,-0.4650382286998893,0.89545747366378,-0.890422524185236,-0.46505251456875507,0.8954371546986261,-0.8904502904187233
20771,20773,0.0000298808,-0.4647924034509801,0.8958460868443452,-0.8899440062127961,-0.4648067329518208,0.8958257398830267,-0.8899718587855309
20747,20749,0.0000299324,-0.4646280771666632,0.8961054436572907,-0.8896241182143385,-0.46464243585810994,0.8960850779952797,-0.8896520285507039
20717,20719,0.0000299971,-0.46442216939635317,0.8964299567514924,-0.8892232691569316,-0.4644365646920554,0.896409567672362,-0.8892512519285874
20639,20641,0.0000301663,-0.4638841959555403,0.897275343798,-0.8881758913150273,-0.46389868702976944,0.8972548936190755,-0.8882040636268402
20549,20551,0.0000303634,-0.46325872978110666,0.8982537686471566,-0.8869580245634398,-0.46327333247092295,0.898233247580005,-0.8869864177674915
20507,20509,0.0000304561,-0.4629650975252321,0.8987114633586575,-0.8863862280019996,-0.4629797527109185,0.8986909090670929,-0.8864147251019561
20477,20479,0.0000305226,-0.46275467471634585,0.8990388166734131,-0.8859764455241909,-0.46276936755966486,0.8990182385940754,-0.886005017154978
20441,20443,0.0000306028,-0.46250141004065026,0.8994321130042103,-0.8854832080469386,-0.46251614825079446,0.8994115063177133,-0.8855118694681918
20357,20359,0.0000307911,-0.461907226882834,0.9003518141551975,-0.884325924680874,-0.46192207170877536,0.9003311404552852,-0.8843547971250011
20231,20233,0.0000310770,-0.4610073828679226,0.9017366663945153,-0.8825730421611797,-0.4610223896389549,0.9017158914785853,-0.8826022351614018
20147,20149,0.0000312700,-0.46040170566591687,0.9026634549142686,-0.8813930130161273,-0.46041682176960713,0.9026426120534324,-0.8814224224448443
20021,20023,0.0000315632,-0.45948439889025094,0.9040590027357818,-0.8796055712250168,-0.4594996810848004,0.9040380572499863,-0.8796353094588981
19991,19993,0.0000316337,-0.45926442236409454,0.9043922293244361,-0.8791768822562135,-0.4592797444789661,0.9043712592781806,-0.879206699523007
19961,19963,0.0000317044,-0.45904383732665993,0.904725823875686,-0.8787469889035863,-0.459059199507518,0.9047048292202915,-0.8787768854931526
19889,19891,0.0000318752,-0.4585119370282531,0.9055279558898758,-0.8777103041728787,-0.4585273959661216,0.9055069019732532,-0.8777403923283938
19841,19843,0.0000319899,-0.4581553669121313,0.9060638944272146,-0.8770152819086627,-0.45817089082810164,0.9060428008461809,-0.8770454987169501
19751,19753,0.0000322067,-0.45748251339735757,0.9070713421709654,-0.8757036343336827,-0.4574981601800399,0.9070501738789352,-0.8757340944212271
19697,19699,0.0000323379,-0.45707609742593996,0.9076774213753065,-0.8749112935862294,-0.45709181858217734,0.9076562080426027,-0.8749419009419568
19541,19543,0.0000327219,-0.45589047287416573,0.9094351411078108,-0.8725994769206871,-0.4559064116871117,0.909413796748664,-0.8726305152900957
19469,19471,0.0000329017,-0.4553374136120215,0.9102498344566289,-0.8715209076630519,-0.45535345430719454,0.9102284291649512,-0.8715521477986669
19427,19429,0.0000330072,-0.4550130707354278,0.9107260801928393,-0.8708883272303443,-0.45502917128395387,0.9107046392224415,-0.8709196859029822
19421,19423,0.0000330224,-0.45496663175822016,0.9107941760652725,-0.8707977521424088,-0.45498274088278573,0.9107727299897824,-0.8708291277997847
19379,19381,0.0000331286,-0.45464082619066004,0.9112712732726456,-0.8701622758505583,-0.4546569955273123,0.9112497914044888,-0.8701937707590138
19211,19213,0.0000335590,-0.45332466385657,0.9131871495801303,-0.867594750565933,-0.45334107722732125,0.9131655235376112,-0.8676267288201652
19181,19183,0.0000336368,-0.45308743400126694,0.9135305367576526,-0.8671319062141426,-0.45310389149326996,0.913508884799696,-0.8671639718625086
19139,19141,0.0000337462,-0.4527541803324535,0.9140119264644504,-0.8664816829343218,-0.452770699874831,0.9139902381377983,-0.8665138714931117
19079,19081,0.0000339035,-0.45227580008348445,0.9147009400659244,-0.8655482311754382,-0.45229240884147615,0.9146791996071789,-0.8655805964597139
18917,18919,0.0000343342,-0.45097048310016263,0.9165690372860081,-0.8630008017360088,-0.4509873361544034,0.9165471550246866,-0.8630336509760673
18911,18913,0.0000343503,-0.45092175055763467,0.9166384445222501,-0.8629056851967771,-0.4509386127568403,0.9166165569794991,-0.8629385525541532
18539,18541,0.0000353742,-0.44784500690850587,0.9209724787759984,-0.8568988878379372,-0.44786245005231423,0.9209502596170311,-0.8569329062586815
18521,18523,0.0000354250,-0.4476933223687082,0.921183738491771,-0.8566026711261592,-0.4477107943358174,0.9211615030767881,-0.8566367466634298
18311,18313,0.0000360263,-0.44590399750557486,0.9236591149243792,-0.8531078429180917,-0.4459218107824444,0.923636688402416,-0.8531425948475577
18287,18289,0.0000360961,-0.4456971701657678,0.923943273636402,-0.8527038123738145,-0.44571502304927757,0.9239208251021439,-0.8527386427997834
18251,18253,0.0000362011,-0.4453860210986325,0.924369998191114,-0.8520959676899484,-0.44540393362652814,0.9243475165720338,-0.8521309163275564
18131,18133,0.0000365549,-0.44434092466596997,0.9257966436586328,-0.8500541031662971,-0.444359038062166,0.9257740511791467,-0.850089449932977
18119,18121,0.0000365906,-0.44423573875733086,0.9259396672645855,-0.8498485769454505,-0.44425387241589037,0.9259170636499874,-0.8498839638746531
18059,18061,0.0000367699,-0.4437079490392521,0.9266557680162874,-0.8488172604709654,-0.4437261844938968,0.9266331085917273,-0.8488528491773453
18047,18049,0.0000368059,-0.44360201766407276,0.9267991850148708,-0.8486102573240959,-0.4436202735752824,0.9267765144013839,-0.8486458865798099
18041,18043,0.0000368239,-0.4435490051347754,0.926870918155473,-0.8485066629454102,-0.4435672712864931,0.9268482419441493,-0.8485423125001434
17987,17989,0.0000369869,-0.4430704825854101,0.9275172566377555,-0.847571520360237,-0.4430888412700628,0.9274945299445674,-0.8476073533398841
17957,17959,0.0000370779,-0.4428035357957845,0.9278769102472929,-0.8470498154210983,-0.4428219461757032,0.9278541554296406,-0.847085750877296
17921,17923,0.0000371876,-0.4424821560298457,0.9283090394965163,-0.8464217017191925,-0.4425006287176787,0.9282862508548371,-0.8464577606922457
17909,17911,0.0000372243,-0.4423747755551043,0.9284532148693629,-0.8462118274406457,-0.4423932690788828,0.9284304149348748,-0.8462479277187314
17837,17839,0.0000374457,-0.44172781246441495,0.9293196591952855,-0.8449472710803727,-0.4417464317087281,0.9292967913130454,-0.8449836205927468
17789,17791,0.0000375944,-0.44129393588322385,0.9298986177375242,-0.844099145386714,-0.44131263961794825,0.9298757043744419,-0.8441356624033571
17747,17749,0.0000377254,-0.4409125963460021,0.9304060811852051,-0.8433536717094978,-0.44093137445835295,0.9303831279063002,-0.8433903361858723
17681,17683,0.0000379326,-0.4403101247408595,0.9312051778973487,-0.8421758249340178,-0.44032902058623885,0.9311821616663641,-0.842212722833938
17657,17659,0.0000380084,-0.4400900613892257,0.93149626097664,-0.8417455695366871,-0.4401090003074746,0.9314732217849429,-0.8417825528375914
17597,17599,0.0000381991,-0.4395375941801655,0.9322251442528687,-0.840665355682487,-0.4395566413949183,0.9322020474977628,-0.8407025537097506
17579,17581,0.0000382565,-0.4393712078452639,0.9324441373204775,-0.8403400109968127,-0.43939028772118643,0.9324210232512238,-0.8403772737850892
17489,17491,0.0000385461,-0.43853476817851994,0.9335413808828447,-0.8387043537423775,-0.4385540125649796,0.9335181799293729,-0.8387419427359308
17417,17419,0.0000387803,-0.4378601620090923,0.9344219184329274,-0.8373850181261924,-0.4378795394658854,0.9343986475944853,-0.8374228709966993
17387,17389,0.0000388785,-0.4375776324846714,0.9347895310853527,-0.8368324338316955,-0.4375970657755633,0.9347662310287208,-0.8368703974242765
17291,17293,0.0000391956,-0.4366677790991575,0.9359687556927824,-0.8350527500676856,-0.4366873926125242,0.9359453617432275,-0.8350910710660474
17207,17209,0.0000394766,-0.4358643884098908,0.9370041707183673,-0.8334811192867211,-0.4358841615853553,0.9369806941170433,-0.8335197569355199
17189,17191,0.0000395372,-0.4356913424602739,0.937226483246597,-0.8331425755842758,-0.43571115009094,0.9372029888737785,-0.8331812815687627
17027,17029,0.0000400895,-0.4341196055368165,0.9392342828659269,-0.8300672902352606,-0.43413972717077637,0.9392106275854971,-0.8301066190257841
16979,16981,0.0000402556,-0.4336489012873899,0.9398316113015243,-0.8291461743273659,-0.43366911732944546,0.9398079080100227,-0.8291856903834167
16901,16903,0.0000405278,-0.43287906117736574,0.9408046460784453,-0.8276395566124068,-0.43289943199309894,0.9407808644408299,-0.8276793796864412
16829,16831,0.0000407817,-0.43216295366517554,0.9417054520226082,-0.8262379569867688,-0.43218346886308184,0.9416815977036316,-0.8262780664798167
16691,16693,0.0000412757,-0.4307754914139437,0.943439061852297,-0.8235219720443031,-0.43079628748335214,0.9434150672513997,-0.8235626387568067
16649,16651,0.0000414279,-0.43034928042680237,0.943968533224455,-0.8226875564974198,-0.4303701630762946,0.9439444956733487,-0.8227283949859392
16631,16633,0.0000414934,-0.4301660503978485,0.944195714840608,-0.8223288232893199,-0.43018697031188846,0.9441716588456183,-0.8223697357126697
16451,16453,0.0000421579,-0.428314782718707,0.9464763216962043,-0.818703882255789,-0.4283360806014104,0.9464520800481284,-0.8187455446386694
16361,16363,0.0000424966,-0.42737603567837346,0.9476226475852995,-0.816865409236836,-0.42739752624398913,0.9475983122790264,-0.8169074539726389
16229,16231,0.0000430013,-0.42598308228296755,0.9493112364290364,-0.8141370063135103,-0.4260048600299472,0.9492867627484066,-0.8141796209640407
16187,16189,0.0000431639,-0.4255357966038859,0.9498503457743215,-0.8132608002095294,-0.42555766688901175,0.9498258278129079,-0.8133035985138183
16139,16141,0.0000433510,-0.42502217887496585,0.9504675570327095,-0.8122545943939624,-0.42504415561522774,0.9504429883149267,-0.8122976039784722
16067,16069,0.0000436341,-0.42424684518062555,0.9513955521423177,-0.8107355533926833,-0.42426898301329335,0.9513709069898166,-0.8107788827083163
16061,16063,0.0000436578,-0.4241819665850287,0.9514730032919053,-0.8106084361866992,-0.42420411791907103,0.9514483517535579,-0.8106517923001378
15971,15973,0.0000440162,-0.4232038088955253,0.9526369589319605,-0.8086918031743221,-0.4232261641879278,0.9526122113046702,-0.8087355641217444
15887,15889,0.0000443549,-0.42228236381100237,0.953727030029674,-0.8068860902878141,-0.4223049119265142,0.9537021922086317,-0.806930233989625
15737,15739,0.0000449704,-0.4206161866933382,0.9556825459411477,-0.8036204642717506,-0.4206390851795027,0.9556575458288945,-0.803665303515785
15731,15733,0.0000449953,-0.4205489798887177,0.9557610064007659,-0.8034887289240732,-0.42057189255352373,0.9557359997639591,-0.803533596316488
15647,15649,0.0000453463,-0.4196035090586914,0.9568613969135717,-0.8016353571829438,-0.4196266215694664,0.9568362986665946,-0.8016806213351165
15641,15643,0.0000453716,-0.4195356470177587,0.9569401352985386,-0.8015023219849444,-0.4195587738999508,0.9569150304889334,-0.8015476146699695
15581,15583,0.0000456252,-0.4188545999690846,0.9577285412207203,-0.8001671558895013,-0.4188778712819735,0.9577033706449931,-0.800212735332132
15359,15361,0.0000465839,-0.41629579672142836,0.960661869557819,-0.7951498071309202,-0.4163196139841874,0.9606364534318615,-0.7951964706265783
15329,15331,0.0000467160,-0.41594523614240103,0.9610602336161559,-0.7944623103440122,-0.41596912860825974,0.9610347840396243,-0.794509123177934
15287,15289,0.0000469018,-0.4154525118763503,0.9616187339249629,-0.7934959665936392,-0.41547651020877474,0.9615932374102084,-0.7935429896625631
15269,15271,0.0000469819,-0.4152406484581821,0.9618583739225387,-0.7930804384993162,-0.4152646923712482,0.961832857253022,-0.7931275520863881
15137,15139,0.0000475755,-0.4136740985330039,0.963620930922402,-0.7900076651157512,-0.41369848059275083,0.96359526574711,-0.7900554502600874
14867,14869,0.0000488280,-0.4103975969150324,0.9672548119052597,-0.7835791794275385,-0.4104226926023227,0.9672288391040592,-0.783628382031447
14627,14629,0.0000499866,-0.4074009467755339,0.9705175066818079,-0.7776978504259158,-0.4074267027342784,0.9704912560780601,-0.7777483647446235
14591,14593,0.0000501642,-0.4069444140608798,0.9710095733159448,-0.7768016869545304,-0.406970271250173,0.9709832806886558,-0.776852402400376
14561,14563,0.0000503130,-0.40656254517331775,0.9714201613106036,-0.7760520555052847,-0.4065884871675993,0.9713938335934353,-0.776102939447543
14549,14551,0.0000503727,-0.4064094333819503,0.9715845321663389,-0.7757514799023141,-0.40643540941245926,0.9715581903953426,-0.7758024314711065
14447,14449,0.0000508849,-0.4050995143341689,0.9729848193381929,-0.7731797758775919,-0.4051257823360783,0.9729583576977527,-0.7732313075876132
14387,14389,0.0000511902,-0.40432182774413317,0.9738111432145075,-0.77165282290998,-0.4043482697491763,0.9737846107188307,-0.7717047003806521
14321,14323,0.0000515293,-0.4034601828591364,0.9747223512955534,-0.769960886700366,-0.4034868182299562,0.9746957405656611,-0.7700131484244112
14249,14251,0.0000519035,-0.4025127311804282,0.9757190925184479,-0.7681002969639292,-0.40253957987512917,0.9756923960923501,-0.768152982622771
14081,14083,0.0000527937,-0.4002711631852962,0.9780557960097799,-0.7636976753195008,-0.4002985195153693,0.9780288982125773,-0.7637513698806329
14009,14011,0.0000531828,-0.3992970422058907,0.979061957481141,-0.7617841337660803,-0.39932462042875944,0.9790349727794768,-0.7618382693672628
13997,13999,0.0000532481,-0.39913389321347154,0.9792299268562393,-0.7614636305959868,-0.39916150867618844,0.9792029276355155,-0.7615178402183412
13931,13933,0.0000536096,-0.3982324770843958,0.9801551687840815,-0.7596927283629037,-0.39826029869758817,0.9801280895304338,-0.7597473477595551
13901,13903,0.0000537752,-0.39782043681670237,0.9805765230294975,-0.7588831943290331,-0.39784835288559867,0.9805494072978586,-0.758938001485975
13877,13879,0.0000539083,-0.39748976009177633,0.9809139621565591,-0.7582334929157067,-0.3975177520662798,0.9808868171979275,-0.7582884509617736
13829,13831,0.0000541760,-0.39682560534658534,0.9815897897986557,-0.756928527175535,-0.39685375004887957,0.9815625862674068,-0.7569837888298675
13757,13759,0.0000545817,-0.3958223131903635,0.9826059073727889,-0.7549570580937013,-0.39585068930132206,0.9825786156871729,-0.7550127797865819
13721,13723,0.0000547864,-0.39531746211645946,0.9831150366527778,-0.7539649585855108,-0.3953459549870106,0.983087700757606,-0.7540209124046985
13709,13711,0.0000548549,-0.3951487003915021,0.98328490514112,-0.7536333093755133,-0.39517723233970525,0.9832575544898902,-0.7536893408852011
13691,13693,0.0000549579,-0.3948951079741909,0.9835398567498956,-0.7531349421877624,-0.3949236986875608,0.9835124839462941,-0.7531910905300971
13679,13681,0.0000550268,-0.39472574576295494,0.9837099237684434,-0.7528021003929526,-0.39475437575255534,0.9836825361844199,-0.7528583268222988
13397,13399,0.0000566857,-0.39067526235888816,0.9877294077314533,-0.7448403505301221,-0.39070483881008755,0.9877016700345294,-0.7448984588726012
13337,13339,0.0000570490,-0.3897956586132447,0.9885902984935514,-0.7431110075119614,-0.38982544241209327,0.9885624856275564,-0.7431695281897392
13217,13219,0.0000577871,-0.38801721145299534,0.9903180736548951,-0.7396141022668938,-0.3880474164677323,0.9902901097526723,-0.7396734606387111
13007,13009,0.0000591165,-0.38484178072327824,0.9933609356190009,-0.7333690657568305,-0.3848727444514945,0.9933327052098103,-0.7334299332096206
13001,13003,0.0000591552,-0.38474984973381876,0.9934482349483434,-0.7331882432872658,-0.38478083555429704,0.9934199968844603,-0.7332491546851312
12917,12919,0.0000597013,-0.383455664998371,0.9946725290290874,-0.7306425207377235,-0.38348696258932063,0.9946441835695775,-0.7307040523186119
12821,12823,0.0000603356,-0.3819600700638492,0.9960765308292467,-0.7277002857442818,-0.3819917297166634,0.9960480621135402,-0.7277625375987384
12611,12613,0.0000617615,-0.37862554515679686,0.9991656645022322,-0.721139135360675,-0.3786580189127688,0.999136924296818,-0.72120300695502
12539,12541,0.0000622629,-0.3774619440442174,1.00023044213335,-0.7188491861783968,-0.3774947041242142,1.0002016082763747,-0.718913627504852
12377,12379,0.0000634155,-0.37480483686016597,1.002636718582351,-0.7136192808721212,-0.37483825512652,1.0026076729963234,-0.7136850319878005
12251,12253,0.0000643360,-0.37270002512616385,1.0045183260528892,-0.7094757048072241,-0.37273396909005135,1.0044891148622987,-0.709542502177474
12239,12241,0.0000644248,-0.37249779234212305,1.004697984963189,-0.7090775512724028,-0.3725317870172844,1.004668757960228,-0.7091444495747815
12161,12163,0.0000650068,-0.3711756551666726,1.0058677070951558,-0.7064743981460073,-0.3712099822497757,1.0058383771458597,-0.7065419580731953
12107,12109,0.0000654147,-0.3702525180523973,1.0066794813577187,-0.704656687288874,-0.3702870781269493,1.006650079973531,-0.7047247109864958
12071,12073,0.0000656889,-0.3696335051265196,1.0072215567379341,-0.7034377469984839,-0.36966822184905357,1.0071921076580406,-0.7035060825156965
12041,12043,0.0000659189,-0.3691154516382828,1.007673831005712,-0.702417571217347,-0.3691502997161312,1.0076443421361485,-0.7024861682140603
11969,11971,0.0000664761,-0.36786385674754446,1.008761306886687,-0.6999527152121607,-0.3678990231389154,1.0087317223660186,-0.7000219458783521
11939,11941,0.0000667106,-0.3673388855969515,1.0092152612396388,-0.6989187866853792,-0.36737418590908116,1.009185636801246,-0.698988283959646
11831,11833,0.0000675657,-0.3654318450863139,1.0108535744843277,-0.6951625579510405,-0.36546763391393106,1.0108238060498262,-0.6952330278109954
11777,11779,0.0000679999,-0.364468137635218,1.0116751181202797,-0.6932641888220812,-0.3645041745418073,1.011645277524612,-0.6933351526147739
11717,11719,0.0000684877,-0.363389272116823,1.012589804548466,-0.6911388249978452,-0.3634255877138665,1.012559883654185,-0.6912103436972878
11699,11701,0.0000686351,-0.36306393988903246,1.0128645914825976,-0.6904978901003669,-0.36310033972608335,1.0128346464752094,-0.6905695765372553
11549,11551,0.0000698840,-0.3603223702421592,1.0151612935864285,-0.6850961808215446,-0.3603594836732433,1.0151311472475228,-0.6851692882540684
11489,11491,0.0000703939,-0.359210280540148,1.0160833649532937,-0.6829047497396723,-0.35924768532629725,1.0160531379047302,-0.6829784374037874
11351,11353,0.0000715898,-0.35661817067218887,1.0182114269460514,-0.6777962372673333,-0.35665625881905116,1.0181810139428396,-0.6778712859510568
11171,11173,0.0000731997,-0.3531634722829886,1.0210023052046022,-0.6709864065830193,-0.35320248049567127,1.020971649129761,-0.6710632879643417
11159,11161,0.0000733091,-0.3529301272564639,1.0211889678559634,-0.6705263874784693,-0.35296919799882653,1.0211582955610905,-0.670603393423877
11117,11119,0.0000736941,-0.3521103880848125,1.0218428775948278,-0.6689102903573522,-0.3521496788801324,1.0218121485191103,-0.66898773467571
11069,11071,0.0000741382,-0.3511677289611297,1.0225913239738125,-0.6670517563547258,-0.3512072735514562,1.022560529988977,-0.6671297062836199
11057,11059,0.0000742499,-0.35093108841435366,1.0227786217594772,-0.6665851818264639,-0.35097069684144144,1.022747811545209,-0.6666632589342132
10937,10939,0.0000753819,-0.34854295164135246,1.024655669861878,-0.6618762061679558,-0.3485832071186897,1.024624697331404,-0.6619555724347461
10889,10891,0.0000758426,-0.34757649691160997,1.0254085473394692,-0.6599703346746836,-0.34761701570534675,1.0253775098848827,-0.6600502256008459
10859,10861,0.0000761328,-0.3469691683776116,1.0258796883815133,-0.6587726109980708,-0.347009853073573,1.0258486103545095,-0.6588528324963729
10709,10711,0.0000776114,-0.34389391058990887,1.0282421651875238,-0.6527071648027621,-0.34393544047674685,1.0282108844207491,-0.6527890705359067
10529,10531,0.0000794481,-0.3401164886811441,1.0310917842172103,-0.6452552981457944,-0.3401590685179265,1.0310602606657508,-0.6453392964430766
10499,10501,0.0000797610,-0.3394774435954395,1.031568245428117,-0.6439944665499743,-0.33952020234727676,1.031536681492371,-0.6440788214599712
10457,10459,0.0000802025,-0.33857815110148687,1.0322360125344165,-0.642220089815299,-0.3386211622646714,1.032204392108491,-0.6423049478464893
10427,10429,0.0000805203,-0.3379324685758397,1.03271350114392,-0.6409460494949547,-0.3379756614255769,1.0326818404049043,-0.64103126968603
10331,10333,0.0000815511,-0.3358474072497336,1.0342443019360714,-0.6368315522685186,-0.33589118942707374,1.0342125124300101,-0.6369179472454076
10301,10303,0.0000818777,-0.3351898601707026,1.0347235546192155,-0.6355338995039528,-0.3352338290300799,1.034691724955068,-0.6356206666400539
10271,10273,0.0000822063,-0.3345294404195389,1.0352032205911947,-0.6342305293382575,-0.3345735971784225,1.0351713508118683,-0.6343176710707182
10139,10141,0.0000836781,-0.3315889881277106,1.0373185907377773,-0.6284268234119776,-0.33163398639113906,1.0372865450233384,-0.6285156428901781
10091,10093,0.0000842240,-0.33050553567368823,1.0380897394139725,-0.626288126229969,-0.3305508460251212,1.0380576299826005,-0.6263775679826737
10067,10069,0.0000844991,-0.3299609274972747,1.038475691830128,-0.6252130409745302,-0.33000639513544,1.0384435505979392,-0.6253027963526383
10037,10039,0.0000848450,-0.329277445155556,1.038958483593352,-0.6238637657588707,-0.32932311057941377,1.0389263026669888,-0.6239539155259017
10007,10009,0.0000851932,-0.32859091947798724,1.0394416626234122,-0.6225084323697583,-0.3286367840069374,1.0394094420686617,-0.6225989791675208
9929,9931,0.0000861095,-0.32679156389450303,1.0406997167392529,-0.618955921731558,-0.3268379523599627,1.0406673934792765,-0.6190475133505321
9857,9859,0.0000869697,-0.3251119249384432,1.0418632493185538,-0.6156394627614646,-0.3251588052185174,1.0418308317108573,-0.6157320352127907
9767,9769,0.0000880646,-0.322986681487383,1.0433206271280542,-0.6114427334608391,-0.3230341878593608,1.043288092270278,-0.6115365546294811
9719,9721,0.0000886578,-0.32184135926318,1.0440992084521086,-0.6091808665282343,-0.3218892048097528,1.0440666114001074,-0.6092753642116981
9677,9679,0.0000891822,-0.32083234244991576,1.0447811998193135,-0.6071880744216775,-0.3208804878326528,1.044748548555248,-0.6072831701811225
9629,9631,0.0000897877,-0.3196712580447,1.045561440732901,-0.6048948232156663,-0.31971974964410155,1.0455287277628256,-0.604990609594469
9461,9463,0.0000919604,-0.31553958788856484,1.0482989392428634,-0.5967332871638124,-0.3155893218731384,1.0482660126228458,-0.5968315520591312
9437,9439,0.0000922778,-0.3149405699592811,1.0486908244331317,-0.5955498704178611,-0.31499048541801644,1.048657867613147,-0.5956484973810972
9431,9433,0.0000923574,-0.31479046726530335,1.0487888264801979,-0.5952533227753951,-0.3148404282518108,1.0487558621236759,-0.5953520405746171
9419,9421,0.0000925170,-0.31448984265949187,1.0489848671978061,-0.5946593926186711,-0.3145398948935058,1.0489518877845883,-0.5947582924744322
9341,9343,0.0000935653,-0.3125220558395877,1.0502603012073317,-0.5907715088915675,-0.3125727074865546,1.0502272244758606,-0.5908716047450637
9281,9283,0.0000943848,-0.310991992052298,1.0512427439381828,-0.5877482031680419,-0.31104311234481713,1.0512095930294403,-0.5878492341641174
9239,9241,0.0000949655,-0.3099123512836369,1.051931121590079,-0.5856147682201633,-0.30996380361675796,1.0518979191323066,-0.5857164618081896
9041,9043,0.0000977831,-0.30472496814400074,1.0551832373506778,-0.575362645509425,-0.30477803155617234,1.055149796464427,-0.5754675544127292
9011,9013,0.0000982219,-0.3039246399257387,1.0556769078871069,-0.5737806864835397,-0.3039779542266414,1.0556434315943939,-0.5738860961551484
8999,9001,0.0000983983,-0.3036034299605169,1.055874439616416,-0.5731457540308371,-0.3036568451305198,1.0558409492181267,-0.5732513650391552
8969,8971,0.0000988416,-0.30279769263389933,1.0563684240445397,-0.571553019381706,-0.3028513612711635,1.0563348985279926,-0.5716591363263742
8861,8863,0.0001004647,-0.29986456100581893,1.0581485091723208,-0.5657544728299044,-0.2999191577014664,1.0581148590334868,-0.5658624423662437
8837,8839,0.0001008313,-0.2992057589810252,1.058544431666619,-0.5644519707883929,-0.2992605652845226,1.0585107542362606,-0.5645603587722579
8819,8821,0.0001011077,-0.29870996764709934,1.058841451561379,-0.5634717275075072,-0.29876493197524606,1.058807753762708,-0.5635804309683103
8627,8629,0.0001041343,-0.293329642352925,1.0620133825774092,-0.5528327197000309,-0.29338633714799156,1.0619794732490155,-0.5529448782036883
8597,8599,0.0001046205,-0.2924734840101159,1.0625095327773204,-0.5511395239340177,-0.2925304568123484,1.0624755914118527,-0.5512522375692342
8537,8539,0.0001056043,-0.29074831554408365,1.063502189415956,-0.5477275217954571,-0.2908058507474024,1.0634681848666656,-0.5478413585001984
8429,8431,0.0001074134,-0.28759910207009665,1.0652899713895554,-0.5414984104997658,-0.2876576715654017,1.0652558562718668,-0.5416143127860646
8387,8389,0.0001081307,-0.28635888741451393,1.0659854917356535,-0.5390450462006865,-0.2864178669562334,1.0659513347828775,-0.5391617674548563
8291,8293,0.0001097999,-0.28349078031012903,1.067575628748683,-0.5333709244432164,-0.28355071404209586,1.0675413787905659,-0.5334895516020752
8231,8233,0.0001108646,-0.2816742593131239,1.0685696134290719,-0.5297768526743111,-0.28173480167410464,1.068535307294373,-0.5298966956148056
8219,8221,0.0001110796,-0.2813087116338595,1.0687684146601404,-0.5290535663726635,-0.2813693768756846,1.0687340974785968,-0.5291736547864028
8087,8089,0.0001134899,-0.27723744299242997,1.070955057184924,-0.520997259335656,-0.2772994859803817,1.0709206228685118,-0.5211201002271987
8009,8011,0.0001149547,-0.2747875417121357,1.0722467560006215,-0.5161486961647955,-0.2748504219036984,1.0722122564736307,-0.5162732098266843
7949,7951,0.0001161026,-0.27288014498395874,1.0732399962810688,-0.5123734618564844,-0.2729436812440958,1.073205448765948,-0.5124992864744733
7877,7879,0.0001175051,-0.2705645362059288,1.0744312966315959,-0.5077898808418048,-0.27062887396862045,1.0743966941673584,-0.5079173071420935
7757,7759,0.0001199050,-0.2666388919779979,1.0764148850936022,-0.5000183878010107,-0.2667046011749614,1.0763801978759289,-0.5001485550090484
7589,7591,0.0001234024,-0.2609991172893073,1.0791863284552652,-0.48885139302099434,-0.2610668247980807,1.0791515383359547,-0.48898555466796667
7559,7561,0.0001240446,-0.2599738282816141,1.0796803629958203,-0.4868210170339267,-0.2600419026492864,1.0796455565997107,-0.48695591208298883
7547,7549,0.0001243030,-0.2595621393204378,1.0798778926260248,-0.4860057286423082,-0.2596303613052515,1.0798430799070355,-0.4861409188060189
7487,7489,0.0001256083,-0.25749007922752665,1.0808647726037148,-0.48190213074888777,-0.25755904688762465,1.0808299299231772,-0.48203881172344115
7457,7459,0.0001262693,-0.25644545772655614,1.0813577027280408,-0.4798331954745104,-0.25651480303245444,1.0813228461271678,-0.479970631508265
7349,7351,0.0001286972,-0.2526364995733738,1.0831291065149227,-0.47228864328433195,-0.2527072316572133,1.0830942059598718,-0.47242885225454967
7331,7333,0.0001291093,-0.25199421032664915,1.0834238209068774,-0.47101633103197615,-0.25206517777514287,1.0833889140014867,-0.47115701066262766
7307,7309,0.0001296621,-0.2511344600874733,1.0838165244380362,-0.46931320277203253,-0.25120574327614076,1.0837816095158628,-0.46945451380703485
7211,7213,0.0001319127,-0.2476564924104697,1.0853842949828656,-0.46242295257091326,-0.24772906092700803,1.0853493533257033,-0.46256683414508853
7127,7129,0.0001339352,-0.24456110618260105,1.0867517007956082,-0.4562899108607972,-0.2446348295514278,1.0867167431190583,-0.456436102296346
6959,6961,0.0001381362,-0.23821920922264378,1.089472182531364,-0.44372228808839564,-0.23829533101440037,1.0894372153872938,-0.44387327747373373
6947,6949,0.0001384446,-0.23775830279625712,1.0896656881253146,-0.4428088090306222,-0.23783460060042078,1.0896307215363779,-0.4429601505626659
6869,6871,0.0001404767,-0.2347360221000865,1.0909205465500402,-0.43681853256254977,-0.23481347981417255,1.0908855878421135,-0.43697219485594796
6827,6829,0.0001415913,-0.23308944070703683,1.0915940289475157,-0.4335546823452642,-0.2331675345691763,1.0915590776560795,-0.43370961755242193
6791,6793,0.0001425584,-0.23166721842054228,1.0921699944327816,-0.43073540827596635,-0.23174586415075646,1.0921350513377495,-0.4308914478128037
6779,6781,0.0001428831,-0.23119089476365123,1.0923617062524578,-0.4297911604060717,-0.2312697258210672,1.092326766275642,-0.4299475708086108
6761,6763,0.0001433725,-0.23047428607710027,1.0926490083276141,-0.4283705508622011,-0.23055339642314282,1.0926140733962257,-0.42852752017176093
6701,6703,0.0001450241,-0.22806701883777628,1.0936043038311776,-0.4235981171585104,-0.22814707154214242,1.0935693889826998,-0.4237569723976
6689,6691,0.0001453581,-0.22758210495329712,1.0937949096698787,-0.42263672325369217,-0.22766234826104415,1.0937599994547693,-0.4227959599635916
6659,6661,0.0001461989,-0.2263647204810379,1.0942707392444104,-0.4202230588287299,-0.22644544345274858,1.094235841535974,-0.4203832555587863
6569,6571,0.0001487697,-0.2226682512993054,1.0956920809254846,-0.4128936026700286,-0.2227504408429235,1.095657228924773,-0.4130567349052554
6551,6553,0.0001492928,-0.22192086518621948,1.095975189592324,-0.41141155692973436,-0.22200335311107805,1.0959403482600956,-0.41157528645276914
6449,6451,0.0001523152,-0.21763359034982824,1.0975716388036514,-0.40290930996009133,-0.21771780202040963,1.0975368680747581,-0.4030764903038411
6359,6361,0.0001550668,-0.21377550943416343,1.0989684206400803,-0.3952572021523941,-0.21386129002913598,1.0989337273377204,-0.3954275238074765
6299,6301,0.0001569470,-0.2111632261297397,1.0998929181140857,-0.3900754689589834,-0.21125007863456838,1.099858284839117,-0.3902479370337159
6269,6271,0.0001579013,-0.20984477966490128,1.1003530429177995,-0.38746003116613315,-0.20993217613046583,1.1003184422997023,-0.38763358855390395
6197,6199,0.0001602310,-0.20664644464055332,1.1014512662792764,-0.38111495588782696,-0.20673516894112443,1.1014167515372697,-0.3812911725451504
6131,6133,0.0001624169,-0.20367160746357033,1.1024500346810415,-0.3752127009218548,-0.2037615773755378,1.1024156083781476,-0.3753914124381041
6089,6091,0.0001638337,-0.2017566703629145,1.1030814400211537,-0.3714130629152316,-0.2018474475009911,1.1030470750714922,-0.3715933913732189
5879,5881,0.0001712342,-0.19191771294462343,1.1061848484058245,-0.35188699416556135,-0.1920127050144156,1.1061508546443424,-0.3520757671632363
5867,5869,0.0001716738,-0.19134178142303124,1.1063592686805146,-0.3507438398064438,-0.19143702373776175,1.106325299607282,-0.350933114252896
5849,5851,0.0001723366,-0.19047502945541428,1.1066202653992634,-0.34902340499416756,-0.1905706491165258,1.1065863341092141,-0.3492134355976977
5741,5743,0.0001764039,-0.1852014231117324,1.1081696224666668,-0.33855475523768236,-0.18529935787363672,1.1081359375133935,-0.33874942550753645
5657,5659,0.0001796785,-0.18101095593214897,1.109353746167333,-0.3302350905742086,-0.1811107539527354,1.109320277442813,-0.33043349557437396
5651,5653,0.0001799163,-0.1807085950771282,1.1094375851472742,-0.32963475045255763,-0.18080852835483643,1.1094041327374589,-0.32983342658366444
5639,5641,0.0001803934,-0.1801026419765041,1.1096049579247431,-0.32843160942454086,-0.18020284665033998,1.1095715385019735,-0.32863082959366763
5519,5521,0.0001852817,-0.17395131164035033,1.111255408392172,-0.31621673886709006,-0.1740542964920776,1.1112223460800532,-0.3164215327911667
5501,5503,0.0001860339,-0.17301395603581865,1.111499168068408,-0.31435521644992126,-0.1731173685683542,1.1114661637736691,-0.314560867899331
5477,5479,0.0001870447,-0.171758084610457,1.1118225643283512,-0.31186106622769166,-0.17186207182935337,1.111789639277862,-0.3120678700000393
5441,5443,0.0001885781,-0.16986115999037726,1.1123041179532613,-0.3080936214454263,-0.1699660188943966,1.1122713159024147,-0.30830217315621566
5417,5419,0.0001896120,-0.16858770891470437,1.1126227371478077,-0.3055643320842242,-0.16869315547411046,1.1125900199169996,-0.30577406224875003
5279,5281,0.0001957440,-0.161124830741753,1.1144151381382612,-0.2907399813107142,-0.16123376133635742,1.1143829549038613,-0.29095669921798156
5231,5233,0.0001979544,-0.15847144758031667,1.1150217912891303,-0.2854685299925896,-0.15858163354631016,1.1149898133955412,-0.28568776616318303
5099,5101,0.0002042519,-0.15101513453097382,1.1166412936347383,-0.27065309519911024,-0.15112889543970898,1.1166099374949823,-0.2708795039113866
5021,5023,0.0002081314,-0.1464955012220978,1.1175621464824557,-0.26167128624838143,-0.14661146325283572,1.117531200095475,-0.261902112058705
5009,5011,0.0002087391,-0.14579246536602977,1.117701285191795,-0.2602740543798271,-0.14590877211958736,1.1176704048185653,-0.2605055720240699
4967,4969,0.0002108896,-0.14331537494758398,1.1181827593295308,-0.25535081135844967,-0.1434329013355477,1.1181521164944552,-0.25558477685535663
4931,4933,0.0002127624,-0.1411715286307869,1.1185884563253465,-0.25108963300555165,-0.14129011692135895,1.118558025343312,-0.25132572995115005
4799,4801,0.0002198721,-0.13314329122171709,1.1200174569968313,-0.23513031123610756,-0.13326590879389255,1.1199878721179382,-0.23537449717456366
4787,4789,0.0002205381,-0.1324000869309341,1.1201425717490028,-0.23365272708588264,-0.13252308174068758,1.1201130694833092,-0.23389767046342935
4721,4723,0.0002242616,-0.12827151481109084,1.1208155715392762,-0.22544408502324895,-0.12839661836357258,1.1207865416996634,-0.22569326281478547
4649,4651,0.0002284446,-0.12368695884032753,1.1215193074032788,-0.21632780849054006,-0.12381443029504162,1.1214908293941828,-0.21658174182069045
4637,4639,0.0002291545,-0.12291451461656912,1.121633377648775,-0.21479171675374387,-0.12304238776968177,1.1216049954804972,-0.21504645690422397
4547,4549,0.0002345976,-0.11704327901003793,1.1224581373978801,-0.20311512054697817,-0.11717423135271432,1.1224305111906436,-0.2033760460457343
4517,4519,0.0002364602,-0.1150550846228353,1.122720540633936,-0.19916064553961274,-0.11518709012211771,1.1226931815866612,-0.19942368686949533
4481,4483,0.0002387280,-0.11264826306187087,1.123026798378886,-0.19437326525663068,-0.11278155057540762,1.1229997704290942,-0.19463888240250493
4421,4423,0.0002425894,-0.10858509995937099,1.12351556623801,-0.18629061993846696,-0.10872056950181248,1.123489116604802,-0.18656062171129814
4337,4339,0.0002481736,-0.10278507855582245,1.1241519935304356,-0.17475151213844156,-0.10292370175747065,1.1241264124030206,-0.175027852080396
4271,4273,0.0002527136,-0.09813378575319488,1.1246105020579735,-0.16549659664360983,-0.09827497132768861,1.1245856548136037,-0.1657780873697286
4259,4261,0.0002535540,-0.09727898519084871,1.1246897571137882,-0.16379564097192142,-0.09742064491622865,1.1246650484270466,-0.1640780849132681
4241,4243,0.0002548234,-0.09599145386185251,1.12480620343576,-0.16123353309174449,-0.09613382967965456,1.124781705634045,-0.16151741669478406
4229,4231,0.0002556756,-0.09512952399656963,1.1248821906978177,-0.15951830070427273,-0.09527238048256668,1.1248578355462349,-0.1598031507003677
4217,4219,0.0002565326,-0.09426471587723931,1.1249568473127818,-0.15779730427261812,-0.09440805567363389,1.124932636481947,-0.1580831260046574
4157,4159,0.0002608905,-0.08989696092268401,1.1253096867461183,-0.14910477431421043,-0.09004275762748892,1.1252862232738983,-0.14939553634092842
4127,4129,0.0002631162,-0.08768534443670971,1.1254729519698699,-0.14470295215365866,-0.0878323953806209,1.1254498788192309,-0.14499623648084775
4091,4093,0.0002658292,-0.08500653060783303,1.125656870693516,-0.13937094245174364,-0.085155109958336,1.1256342811909668,-0.1396673007142506
4049,4051,0.0002690542,-0.0818463891901273,1.1258543768250218,-0.13308043716231455,-0.08199678460448705,1.1258323733873776,-0.1333804482940475
4019,4021,0.0002713981,-0.07956578254842628,1.1259838455878395,-0.12854041643084257,-0.07971749738131828,1.1259622756728698,-0.12884308173872477
4001,4003,0.0002728209,-0.07818794456109646,1.1260567620959514,-0.1257974235653117,-0.07834046011609162,1.1260354584382841,-0.12610169973687269
3929,3931,0.0002786393,-0.07260421498291188,1.1263114244422998,-0.11468043720260274,-0.0727600033115451,1.126291233798578,-0.11499129828815918
3917,3919,0.0002796293,-0.07166215603463826,1.1263479389031275,-0.11280468878595087,-0.07181850094863423,1.1263279414882985,-0.11311666987551593
3851,3853,0.0002851812,-0.0664210413546304,1.1265171317573939,-0.10236825588018912,-0.06658050625878907,1.1264982386344018,-0.10268651599795545
3821,3823,0.0002877663,-0.06400469571134781,1.1265757681722124,-0.09755624173267229,-0.06416561249410274,1.12655740111671,-0.09787742420803826
3767,3769,0.0002925197,-0.059600406913309936,1.1266512396719972,-0.08878464599091745,-0.05976399202184998,1.1266338595483445,-0.08911120001295546
3671,3673,0.0003013031,-0.05159128664511918,1.1266846694200936,-0.07283132731123405,-0.05175979737508702,1.1266691791938743,-0.07316779940484903
3581,3583,0.0003099478,-0.043866071083775646,1.126590144655536,-0.05744068302265097,-0.04403942344378155,1.1265765976286555,-0.05778690711321538
3557,3559,0.0003123237,-0.04176936683686408,1.1265430265994247,-0.05326302302125248,-0.041944048763604524,1.1265300279652248,-0.053611925649704156
3539,3541,0.0003141258,-0.04018648968574264,1.126501386657304,-0.05010902284334136,-0.0403621797596412,1.1264888080730677,-0.05045995663134645
3527,3529,0.0003153370,-0.039126265674467156,1.1264705760732907,-0.04799638294045688,-0.03930263314046138,1.126458281775114,-0.04834868157441338
3467,3469,0.0003215124,-0.03376456704646828,1.1262788856250847,-0.03731167614052246,-0.03394438642170174,1.1262680655242185,-0.03767093078477676
3461,3463,0.0003221411,-0.03322277083315303,1.1262561825060984,-0.036231919469254595,-0.033402941468399366,1.126245514804161,-0.03659188203056565
3389,3391,0.0003298504,-0.026639536136964605,1.1259314311887896,-0.023110975617393933,-0.026824010964545893,1.1259226666411484,-0.023479613988501277
3371,3373,0.0003318264,-0.02496977650481433,1.125834693407759,-0.019782685870096656,-0.025155353699335886,1.12582642689453,-0.020153546628252958
3359,3361,0.0003331548,-0.023851187283661875,1.1257666342775954,-0.017552958406075722,-0.024037505389520153,1.125758704925258,-0.017925312939973112
3329,3331,0.0003365154,-0.021035560319685932,1.1255837624387408,-0.011940204667238774,-0.021223752025749696,1.1255766943902006,-0.012316336944767872
3299,3301,0.0003399335,-0.018192226693022007,1.1253822941095746,-0.0062718496763480985,-0.018382323022724113,1.1253761143933638,-0.006651822715541655
3257,3259,0.0003448181,-0.014164177036717353,1.1250679658736535,0.0017589433298875329,-0.014356993337926827,1.1250630770647767,0.001373484527699198
3251,3253,0.0003455256,-0.013584166719117625,1.125019910898121,0.002915381431409861,-0.01377737678587677,1.1250152111425396,0.0025291283853494384
3167,3169,0.0003556931,-0.00534110058142712,1.124260829638843,0.019352268909682627,-0.005539964584396377,1.124258904903353,0.018954609383034435
3119,3121,0.0003617320,-0.0005251886749257353,1.123751409901919,0.028956765872233725,-0.0007274062189962136,1.1237511844990702,0.028552338807320443
2999,3001,0.0003776115,0.011866201208492484,1.1222163039100224,0.053674131313690976,0.011655182275143245,1.1222207272931803,0.05325193578998748
2969,2971,0.0003817661,0.015045423378997556,1.1217701748309872,0.0600169309912893,0.014832105804321632,1.1217758573822008,0.05959009323241536
2801,2803,0.0004065308,0.03348733952723186,1.1187582316595843,0.09681921685444853,0.033260356546836095,1.1187717859675468,0.09636476649234281
2789,2791,0.0004084033,0.03484774203828642,1.118507238756185,0.09953463054579668,0.03461972836342818,1.1185214136505786,0.09907809652166824
2729,2731,0.0004179887,0.041740033660059586,1.1171743375781054,0.11329322394028003,0.04150674972585715,1.1171917448708588,0.11282603324739986
2711,2713,0.0004209388,0.043837578066662886,1.1167483138568368,0.11748084339135319,0.043602674108769196,1.1167667346780927,0.11701037618398075
2687,2689,0.0004249274,0.04665616901100092,1.116160809548942,0.12310831268742196,0.04641907623022863,1.1161806146713946,0.12263341798954092
2657,2659,0.0004300039,0.05021504754498758,1.1153943092639036,0.13021433881291522,0.049975171488847316,1.1154158994556511,0.129733813225608
2591,2593,0.0004415407,0.058187316271915625,1.113576754611426,0.1461347640659294,0.057941125629422684,1.11360249809467,0.14564145933270656
2549,2551,0.0004491580,0.06336560540590891,1.1123212666937765,0.15647729391449858,0.06311525371229615,1.1123498258646174,0.1559755651846676
2381,2383,0.0004819770,0.08494255579896315,1.106445616051463,0.19958651385529805,0.08467435448391397,1.1064869732238294,0.19904862048951594
2339,2341,0.0004908208,0.09056413116874364,1.1047416250215072,0.21082174508532747,0.09029114232214065,1.1047866160594553,0.21027414383922266
2309,2311,0.0004973076,0.09463802111369074,1.1034613295217421,0.2189647617962164,0.09436152700686605,1.1035090359505693,0.21841005058887178
2267,2269,0.0005066362,0.10042530533493135,1.1015763745065557,0.23053398575474726,0.10014377975739477,1.1016280603047006,0.22996906557840743
2237,2239,0.0005134825,0.1046202567130897,1.100161097982276,0.2389210662900177,0.1043350457451262,1.1002157601448352,0.2383486658805059
2141,2143,0.0005364793,0.11839906601508063,1.0952188094404802,0.2664757264483287,0.11810152197432097,1.0952838167062595,0.2658782779346869
2129,2131,0.0005394764,0.12016057512441652,1.094554117329137,0.26999907310380544,0.11986142907683017,1.0946205124582589,0.26939836915454807
2111,2113,0.0005440256,0.12281959532788678,1.0935364779231893,0.2753179165274638,0.12251802011266705,1.0936049971086002,0.2747122754622818
2087,2089,0.0005501931,0.12639659665882091,1.0921402720283062,0.28247358585936044,0.12609173289504474,1.0922117045860775,0.28186125948020724
2081,2083,0.0005517534,0.1272965552838879,1.0917840471602678,0.28427402891810444,0.1269908603815666,1.091856222973016,0.28366001262405827
2027,2029,0.0005661404,0.13550079530951253,1.088444105660535,0.3006892955535083,0.1351874538174856,1.088523252291508,0.3000597262865712
1997,1999,0.0005744097,0.1401416548561873,1.0864802332296266,0.3099764617451519,0.13982393218853859,1.0865634831041782,0.3093379767125005
1949,1951,0.0005880726,0.14769379797162768,1.0831673807290496,0.3250921385230515,0.14736885942530947,1.083257565583882,0.32443896162149133
1931,1933,0.0005933384,0.1505669106274006,1.0818685297408108,0.33084352981553405,0.150239198787131,1.081961439365336,0.3301847038464269
1877,1879,0.0006096236,0.1593241171765809,1.077776571388616,0.3483765697057615,0.15898785675234817,1.077878091929607,0.347700321673614
1871,1873,0.0006114796,0.160310119915922,1.077303155281014,0.35035094744262385,0.15997288796069903,1.077405674972776,0.3496727185485976
1787,1789,0.0006384987,0.17439522151622958,1.0702539304496703,0.3785612613293775,0.17404391229427713,1.0703714115133192,0.3778543093868987
1721,1723,0.0006611716,0.18584249425354854,1.0641203623674085,0.4014972194468719,0.18547947150838898,1.064251006885419,0.4007663364343364
1697,1699,0.0006697540,0.19009119680610542,1.0617487817063718,0.410012074350543,0.18972376482308909,1.0618845563569035,0.40927217547294603
1667,1669,0.0006807483,0.19546822703380876,1.0586719215512432,0.4207898736922212,0.19509516734231852,1.0588143876050236,0.4200384611352482
1619,1621,0.0006989807,0.20422754571909035,1.053475378074482,0.4383512344945195,0.20384520574978632,1.0536292407455963,0.4375808194452949
1607,1609,0.0007036669,0.20644793068792738,1.052121149212628,0.4428036493315889,0.20606321632804397,1.052278002226553,0.4420283691127808
1487,1489,0.0007535718,0.22934769178288872,1.0372450569419471,0.48874343710658813,0.2289379859073068,1.037435345598748,0.48791686051553895
1481,1483,0.0007562210,0.23052674705837733,1.0364326865681823,0.49110980439568286,0.2301157302825741,1.036624833241215,0.4902805323840388
1451,1453,0.0007697022,0.236472032131482,1.0322642212552773,0.503043625855229,0.23605437069006652,1.0324659560220588,0.5022006835487158
1427,1429,0.0007807765,0.24128886241748043,1.028797110302846,0.5127143473909126,0.24086577608106216,1.0290068898549414,0.5118602342943829
1319,1321,0.0008340273,0.2636475465850111,1.011595469750405,0.5576288325858952,0.26319882813377793,1.011846129756478,0.5567218051943601
1301,1303,0.0008434823,0.26748478486343763,1.0084505291565844,0.5653415354755279,0.26703159939349785,1.0087088415023575,0.5644252617124755
1289,1291,0.0008498832,0.27006079651504933,1.0063060017149414,0.570519985091823,0.2696046022840429,1.0065695643799906,0.5695974788875887
1277,1279,0.0008563637,0.2726511424653576,1.0041221503786961,0.5757278810664109,0.27219191501909756,1.0043910866253598,0.5747990879423371
1229,1231,0.0008831061,0.2831565906155352,0.9949753180951815,0.5968558123756555,0.28268498951507826,0.9952670596858075,0.5959013303212204
1151,1153,0.0009295320,0.3007219625515376,0.9785768231236859,0.6322080182107013,0.3002294744957412,0.9789106779950036,0.6312099987103652
1091,1093,0.0009679481,0.31464818028876385,0.9645002855896705,0.6602614497568036,0.3141390508295565,0.9648715743151635,0.6592285533517059
1061,1063,0.0009880995,0.3217439581237459,0.9569276649312094,0.6745649948658595,0.3212263600552616,0.9573195906902883,0.6735142718810703
1049,1051,0.0009963433,0.324606517964316,0.9537915068907241,0.6803372522574004,0.32408551123300755,0.9541920826478469,0.6792793369579112
1031,1033,0.0010089097,0.32892588769104497,0.9489674605931886,0.6890493448759629,0.32839975030006074,0.9493814606074729,0.6879805837179687
1019,1021,0.0010174233,0.33182223609907957,0.9456690754628527,0.6948927764858744,0.33129266920417666,0.9460923373936081,0.6938167511996151
881,883,0.0011236121,0.36600585857754275,0.9023468441073423,0.7639674792747582,0.36543722568722414,0.902898143509456,0.762807570519394
857,859,0.0011437201,0.37208981904258814,0.8936518736263244,0.7762860910240174,0.37151471160801536,0.8942303270127758,0.7751119775057074
827,829,0.0011695729,0.3797356468461334,0.8822194001853272,0.7917800886021992,0.37915274479314703,0.8828343119554212,0.7905886802765365
821,823,0.0011748404,0.3812692746215799,0.8798538208582912,0.7948898011214418,0.3806848631117685,0.880476384349745,0.7936950130709585
809,811,0.0011854731,0.38434009731863067,0.8750402449410073,0.8011184569448431,0.3837527251707512,0.8756784932485977,0.7999170049201676
659,661,0.0013296576,0.42261913151960917,0.8040210590070787,0.8790539468914172,0.42200647849703293,0.8049089996870213,0.8777895493615252
641,643,0.0013484061,0.4271053086766202,0.793897473682403,0.8882367182587682,0.4264920779874196,0.79482385986942,0.8869691643964255
617,619,0.0013739178,0.4330037097788362,0.7797568014703579,0.9003332972881677,0.4323910537545004,0.78073810925006,0.899063990064285
599,601,0.0013934556,0.4373493895220979,0.7686380239940336,0.9092651927957116,0.43673835713421916,0.7696635243931513,0.9079967592306848
569,571,0.0014268601,0.44440094720097034,0.7490501020392875,0.9238024745986149,0.4437954032051119,0.7501556381622096,0.9225406320034337
521,523,0.0014829801,0.4550015624687152,0.7146491993225756,0.9457989337530923,0.45441435425062077,0.7159021340073128,0.9445653868068922
461,463,0.0015605974,0.46644612676932184,0.6654167489434869,0.9699015974948858,0.46590676481327453,0.6668961209262574,0.9687500941554847
431,433,0.0016052338,0.4710499761649997,0.6377276819336583,0.9798329950978264,0.47055019556617866,0.6393425824484394,0.9787520105078853
419,421,0.0016249170,0.4726142014785723,0.6259995084027123,0.9832773846813995,0.4721342318820987,0.6276736129194957,0.982232129512418
347,349,0.0017882432,0.47731086042397686,0.5464734284518535,0.9949733081765414,0.4770205450257961,0.5485775121750975,0.9942767934146698
311,313,0.0019317887,0.4753150951156524,0.4997274470676578,0.9924807848442022,0.47518986734376445,0.5021074614601457,0.9920924564499618
281,283,0.0021211853,0.47029100617049296,0.4564348654502171,0.9839327552819047,0.47036280726533036,0.4590853141180724,0.9839148229096254
269,271,0.0022248264,0.4671805314090474,0.4378788321367566,0.9783915806645855,0.4673518684507593,0.44064937930634046,0.9785614520013566
239,241,0.0025899402,0.45587115699744607,0.3880432711540237,0.9577225140207495,0.45636259010062663,0.39114769781942976,0.9584983690729955
227,229,0.0027935762,0.44962821505204087,0.3666201518395037,0.9461368402393716,0.45028439256743313,0.369872570711114,0.9472254442779595
197,199,0.0035182784,0.4283560281531784,0.3089719463330862,0.9062362625413062,0.42955576631028036,0.3126317359057765,0.9083593818022279
191,193,0.0037115341,0.4229238599670855,0.2967029971851707,0.8959824238681909,0.4242614216673474,0.30045034967508155,0.8983683143986015
179,181,0.0041613192,0.4106213489914106,0.2713963158059553,0.8726986350298891,0.4122724746211675,0.27532382935731387,0.8756828557569718
149,151,0.0057857707,0.3693653272700531,0.2036273056725203,0.7942307219471241,0.3721001743210445,0.2080166085651302,0.7992863665973319
137,139,0.0067192320,0.3474106013799768,0.17482348095522487,0.7523320362925505,0.35074951086483974,0.1793853816378408,0.7585436880652019
107,109,0.0102466810,0.27249074118319927,0.10009135653587284,0.6090351666940649,0.27805949245702355,0.10490488392457642,0.6195171905969242
101,103,0.0112511907,0.25296140080158014,0.08511567640887324,0.5716451702321094,0.25915617914235445,0.08990873373005387,0.5833262271946454
71,73,0.0189996593,0.11994154860272199,0.018142997458555632,0.3170415147699245,0.13088884724688943,0.02170348846846712,0.33781461823020326
59,61,0.0241769267,0.042797349306002874,0.0022912336418610263,0.1696599144716423,0.056851024312487675,0.004052003954627799,0.19635658696496075
41,43,0.0359770875,-0.11546020309470773,0.017147789971152516,-0.13142530972476543,-0.09465448233533458,0.011440613397059776,-0.09196680888377083
29,31,0.0468780741,-0.26122874795382023,0.09629020745576722,-0.4061712626083606,-0.23541441707188127,0.07602606071812135,-0.3576257937848756
17,19,0.0561138920,-0.42359568596574104,0.35735289705495654,-0.7025812514204312,-0.4078742818749166,0.29441689078572447,-0.6759007727267512
11,13,0.1119272459,-0.42045998076732866,0.6733944372989346,-0.6743504436040508,-0.45777275905861387,0.5650860367607868,-0.7546722419512435
5,7,0.5265979476,0.07202303102572526,1.0876299560284113,0.3322697326355463,-0.22113177042728063,1.0456341622399188,-0.25559615407497216
3,5,0.7410488953,0.47759045349260865,0.8842685316034493,1.136471101360198,0.07530733289675837,1.13722666209178,0.3413404426391836
